game_id,points,building,jovian,power,science,city,event,space,earth,plant,animal,microbe,totalVp,totalPrice
Game1,100,1,0,0,0,0,0,0,1,0,0,1,0,57
Game2,106,3,0,0,2,1,0,0,0,1,0,0,2,111
Game3,129,0,1,0,1,0,1,0,1,0,0,0,5,90
Game4,102,0,0,1,1,0,3,4,2,0,0,0,2,124
Game5,109,0,1,0,1,0,0,2,0,1,0,0,2,104
Game6,100,3,0,0,0,1,0,0,1,1,1,0,0,86
Game7,121,0,1,0,1,0,0,1,1,1,0,1,2,97
Game8,116,0,0,0,1,0,0,1,1,1,0,0,0,75
Game9,100,0,0,0,2,0,2,3,1,0,0,0,4,99
Game10,100,2,0,0,1,1,0,2,2,0,0,0,1,99
Game11,134,0,0,0,0,0,3,2,3,1,1,0,2,140
Game12,87,1,1,0,0,0,1,2,0,0,0,0,2,71
Game13,122,3,0,0,1,0,0,1,2,0,0,0,3,89
Game14,82,0,0,0,1,0,1,1,1,0,1,1,0,107
Game15,108,0,1,0,0,0,0,0,3,1,2,2,5,96
Game16,86,3,1,1,2,0,2,1,0,0,0,0,2,70
Game17,106,3,3,0,0,0,2,2,1,0,0,0,4,127
Game18,105,2,1,1,3,0,1,1,1,1,1,0,7,135
Game19,92,1,1,0,1,0,0,1,0,1,0,0,2,92
Game20,98,3,0,0,1,1,1,1,1,0,1,0,0,86
Game21,112,1,0,0,2,0,3,1,2,0,0,0,1,113
Game22,87,1,0,0,3,0,1,1,1,2,1,3,6,136
Game23,88,3,0,1,1,0,0,1,0,1,1,2,0,94
Game24,86,1,1,1,1,0,1,1,2,0,0,0,2,66
Game25,104,4,0,0,3,0,1,0,0,0,0,0,7,99
Game26,141,1,0,0,2,0,1,3,0,0,0,0,0,72
Game27,87,3,0,0,1,0,3,2,1,2,0,1,1,166
Game28,73,1,0,1,1,0,2,4,1,0,0,0,0,102
Game29,135,1,0,0,1,0,0,0,2,0,0,0,2,117
Game30,78,2,0,0,0,0,4,4,1,0,0,0,0,135
Game31,109,2,1,0,1,0,1,2,1,0,0,1,3,90
Game32,101,1,1,0,1,0,1,4,2,0,1,0,5,144
Game33,85,0,2,0,0,0,1,1,2,1,0,1,1,114
Game34,91,0,1,0,0,0,3,6,3,0,0,0,2,173
Game35,100,1,1,1,2,0,3,3,1,0,0,0,8,180
Game36,81,0,1,0,1,0,0,2,0,0,0,0,5,136
Game37,109,0,0,0,2,0,1,3,1,0,0,0,2,101
Game38,87,4,0,1,0,0,1,0,0,0,0,0,0,85
Game39,104,3,2,2,1,0,1,3,0,1,0,0,2,159
Game40,92,1,1,1,1,0,2,4,1,0,0,1,1,128
Game41,80,1,2,1,0,1,0,3,2,0,0,0,7,162
Game42,117,2,0,0,3,1,0,0,0,1,0,0,0,96
Game43,78,0,2,1,0,1,3,6,2,0,0,0,4,221
Game44,107,1,0,0,2,0,3,5,3,0,0,1,3,89
Game45,104,3,0,0,2,1,2,1,1,0,0,1,0,106
Game46,117,2,1,0,3,0,3,2,0,0,0,1,2,142
Game47,80,1,0,0,1,1,1,5,0,1,1,1,4,116
Game48,107,3,0,1,2,1,1,1,1,0,0,1,0,113
Game49,85,1,1,0,1,0,2,1,0,0,0,1,1,79
Game50,111,3,2,3,3,0,1,3,0,0,0,0,2,136
Game51,97,2,0,1,1,0,1,1,0,0,0,0,0,75
Game52,92,0,1,0,2,0,0,1,1,2,0,0,7,136
Game53,87,1,1,1,3,0,1,2,1,0,0,0,3,114
Game54,101,2,0,1,2,1,1,0,1,1,1,3,3,122
Game55,88,3,1,1,2,0,1,2,1,0,0,1,2,99
Game56,98,0,0,0,2,0,1,1,1,0,0,1,0,112
Game57,109,3,0,0,1,1,1,1,2,2,0,0,1,92
Game58,94,1,1,1,2,0,1,1,2,0,1,2,1,88
Game59,84,1,1,0,2,0,2,2,3,0,0,1,1,86
Game60,89,2,1,0,1,0,1,2,0,1,0,0,2,112
Game61,117,1,1,0,2,0,2,2,1,0,0,0,3,59
Game62,83,5,0,1,0,2,1,0,1,0,0,0,0,135
Game63,103,5,0,2,0,1,1,0,1,0,0,0,0,132
Game64,103,0,1,0,2,0,2,3,0,0,0,0,2,125
Game65,73,1,2,1,1,0,2,1,0,1,0,2,3,140
Game66,99,0,3,1,1,1,0,2,1,0,1,0,2,110
Game67,77,3,0,1,1,0,3,2,1,0,0,0,3,159
Game68,100,1,0,0,0,0,2,4,0,1,0,0,3,124
Game69,86,4,0,0,0,0,1,3,1,0,0,0,5,146
Game70,85,2,0,1,1,1,1,1,0,0,0,0,0,75
Game71,152,2,2,1,1,1,1,3,2,0,0,0,3,166
Game72,89,0,1,0,1,0,1,2,0,0,0,0,2,58
Game73,75,2,1,0,1,1,3,3,1,0,0,0,0,115
Game74,113,2,0,0,3,0,2,2,4,1,0,0,5,150
Game75,93,2,1,0,0,0,0,0,1,1,1,1,1,88
Game76,110,1,1,1,0,0,0,2,1,1,0,0,0,122
Game77,80,2,0,2,1,1,0,1,0,1,0,0,1,98
Game78,93,5,0,1,2,3,2,0,0,0,0,0,0,88
Game79,75,2,0,0,0,0,0,0,0,1,1,0,0,91
Game80,102,1,0,1,0,0,5,3,3,1,0,0,2,176
Game81,91,4,0,0,0,1,0,0,0,2,0,0,0,89
Game82,70,1,0,0,1,0,0,0,1,2,0,2,0,91
Game83,85,3,0,0,2,0,1,2,3,0,0,0,3,96
Game84,74,0,0,0,0,0,2,1,0,1,0,0,0,72
Game85,88,1,2,0,0,0,0,1,0,0,0,1,0,95
Game86,89,1,1,0,2,0,0,0,0,0,0,1,0,73
Game87,97,4,0,1,0,0,0,1,1,0,0,1,2,117
Game88,108,3,0,2,0,0,0,0,0,1,0,1,1,93
Game89,86,2,0,0,1,1,1,1,0,1,0,0,1,92
Game90,92,3,0,0,2,1,0,0,1,0,0,0,0,87
Game91,111,1,1,1,0,0,1,2,2,0,0,0,2,124
Game92,121,2,0,0,0,1,0,0,2,0,0,0,0,62
Game93,87,0,3,1,0,1,0,2,0,0,0,1,1,103
Game94,99,2,0,0,2,1,0,0,0,0,0,0,0,57
Game95,89,1,1,0,1,1,0,2,1,0,0,0,0,111
Game96,100,0,2,1,2,0,0,1,1,0,0,1,1,76
Game97,77,0,0,0,1,0,2,1,2,1,0,2,0,80
Game98,96,2,0,0,2,0,1,3,0,0,0,2,3,100
Game99,77,1,0,0,2,0,1,0,1,1,0,1,1,67
Game100,102,0,3,0,0,0,2,2,0,0,0,0,3,112
Game101,106,0,0,0,0,0,0,0,1,0,0,1,0,68
Game102,107,1,0,0,1,0,1,1,0,0,0,0,0,62
Game103,122,0,2,0,0,0,0,2,2,0,0,0,1,95
Game104,93,5,0,1,0,1,1,1,1,0,0,0,0,108
Game105,99,2,0,0,0,0,0,0,1,0,0,0,2,62
Game106,83,1,0,0,1,0,2,3,1,0,0,0,0,94
Game107,87,1,0,0,0,0,3,0,2,2,0,0,1,99
Game108,107,1,1,0,0,0,1,1,1,0,0,0,0,88
Game109,96,3,0,1,1,0,1,1,3,1,0,0,3,129
Game110,80,3,0,1,2,0,2,0,1,0,0,1,1,83
Game111,86,2,0,0,1,0,2,2,1,0,0,0,0,110
Game112,90,5,0,2,1,0,0,0,0,1,0,0,1,84
Game113,82,2,0,2,0,0,2,2,0,0,0,0,0,131
Game114,86,0,0,0,0,0,2,1,0,1,1,0,0,70
Game115,104,1,2,0,0,0,0,2,1,0,0,0,2,140
Game116,94,3,0,0,1,0,0,1,0,0,0,0,3,76
Game117,93,3,0,0,0,0,0,0,1,0,0,0,0,60
Game118,77,4,0,1,0,1,2,1,0,0,0,0,1,95
Game119,105,2,1,1,0,0,0,0,1,1,0,0,1,88
Game120,85,2,0,1,1,1,0,0,1,1,0,1,0,94
Game121,77,2,0,0,1,0,1,0,3,1,0,0,1,120
Game122,77,2,2,0,0,0,1,4,0,1,0,0,4,118
Game123,88,1,0,0,0,0,1,2,1,1,0,0,0,144
Game124,80,4,1,0,2,1,1,1,0,1,0,0,1,121
Game125,119,0,0,1,2,0,2,3,0,0,0,1,2,139
Game126,123,2,0,0,0,0,0,0,1,0,0,1,0,55
Game127,95,2,0,0,2,0,1,0,1,1,0,1,3,96
Game128,81,2,0,1,0,0,0,0,0,0,0,0,0,53
Game129,94,3,0,0,0,1,3,0,1,0,0,0,0,93
Game130,115,2,0,0,0,0,0,0,0,1,2,1,3,70
Game131,65,3,0,2,0,0,0,0,2,0,0,0,0,74
Game132,95,2,2,1,1,1,1,3,0,0,0,0,3,133
Game133,98,0,0,1,2,0,2,2,1,0,0,1,1,97
Game134,93,1,0,0,0,0,1,1,2,0,0,1,0,84
Game135,98,3,0,0,3,0,0,1,0,1,0,1,2,110
Game136,80,1,0,1,1,0,2,2,0,1,0,0,0,98
Game137,80,3,0,0,1,1,2,1,0,0,0,1,0,102
Game138,93,0,0,0,2,0,0,0,1,0,0,3,0,87
Game139,93,0,2,0,0,0,1,2,1,1,0,0,3,159
Game140,126,1,1,0,2,0,1,0,0,0,0,0,2,75
Game141,130,2,0,0,2,0,0,2,1,0,0,0,4,93
Game142,97,3,0,2,1,0,2,1,1,0,0,0,1,102
Game143,97,4,0,1,0,1,0,0,1,1,0,0,1,109
Game144,87,1,0,0,1,0,0,0,0,1,0,0,0,93
Game145,83,2,0,0,0,1,1,1,0,1,0,0,2,86
Game146,84,3,0,1,1,0,0,0,0,0,0,0,1,57
Game147,89,0,0,0,0,0,2,0,2,0,0,0,0,58
Game148,111,1,0,0,0,1,3,2,4,1,0,0,3,137
Game149,118,3,0,0,1,0,1,1,0,0,0,0,1,83
Game150,104,5,0,1,2,1,1,1,1,1,0,0,2,93
Game151,83,2,0,0,1,0,1,2,0,0,0,0,1,70
Game152,81,2,0,0,0,0,0,0,0,1,0,1,0,73
Game153,88,3,0,1,2,1,0,0,0,0,0,1,2,120
Game154,82,4,0,0,1,1,0,0,0,0,0,0,0,84
Game155,94,2,1,1,2,1,1,2,1,0,0,0,4,149
Game156,73,1,0,0,0,0,3,4,2,2,0,0,2,128
Game157,104,1,0,0,1,1,0,2,0,0,0,0,0,95
Game158,82,1,0,1,0,0,0,0,1,1,0,1,2,79
Game159,99,4,0,1,1,1,0,0,0,1,0,0,2,95
Game160,94,1,2,2,1,1,0,2,0,0,0,0,1,96
Game161,82,5,0,0,1,0,0,0,1,0,0,1,2,78
Game162,82,1,0,1,2,0,0,0,1,0,0,2,0,113
Game163,92,0,0,0,1,0,3,2,0,1,0,0,0,114
Game164,108,3,0,1,1,0,1,1,1,0,0,0,0,94
Game165,104,3,0,1,1,0,0,0,0,0,0,1,1,79
Game166,91,0,1,0,0,0,1,3,1,0,0,0,3,89
Game167,106,1,0,1,2,0,0,1,0,0,0,0,1,69
Game168,102,3,1,0,3,0,1,3,1,0,0,0,6,108
Game169,90,1,0,1,0,0,1,0,1,0,0,0,0,73
Game170,67,0,0,4,0,0,0,0,1,0,0,0,0,78
Game171,89,1,0,0,1,0,0,1,1,1,0,0,0,81
Game172,98,1,0,2,0,0,1,0,0,0,0,0,0,78
Game173,84,4,0,2,0,0,2,0,0,0,0,0,0,91
Game174,93,2,0,1,4,0,1,0,1,0,0,0,4,119
Game175,95,0,1,0,0,0,2,2,1,0,0,0,1,71
Game176,110,3,0,0,4,1,0,0,1,1,0,0,6,149
Game177,84,1,3,0,1,0,0,2,0,2,0,1,4,140
Game178,94,2,0,1,2,0,1,2,0,1,0,1,2,82
Game179,109,2,3,1,0,0,2,2,0,0,1,0,2,136
Game180,82,2,0,0,1,1,2,2,3,0,0,0,1,137
Game181,80,1,1,1,2,1,0,1,2,0,0,0,0,112
Game182,89,4,0,0,1,0,1,2,0,1,0,0,1,81
Game183,103,2,1,1,4,0,3,5,1,1,0,0,3,117
Game184,74,2,0,2,4,0,1,3,0,1,0,0,2,157
Game185,83,3,0,2,0,0,0,0,2,1,0,0,0,82
Game186,98,2,0,1,2,2,1,2,1,0,1,0,5,158
Game187,94,0,0,1,3,0,1,1,0,0,0,0,0,73
Game188,114,0,0,0,1,0,3,1,2,0,2,0,5,170
Game189,125,1,2,1,2,0,2,2,1,1,1,0,1,130
Game190,111,2,0,0,1,0,2,1,1,2,0,0,7,156
Game191,67,1,0,0,0,0,3,1,2,0,0,0,0,97
Game192,80,2,0,1,2,0,2,2,1,1,0,1,1,111
Game193,98,1,1,2,1,0,0,3,0,3,0,0,3,130
Game194,105,4,0,0,3,0,1,1,1,2,1,0,4,134
Game195,119,1,0,0,1,0,1,2,5,1,0,0,7,164
Game196,108,1,0,0,0,1,2,4,3,0,0,0,0,128
Game197,116,1,2,0,1,0,2,2,1,1,0,0,3,116
Game198,112,0,1,1,1,0,2,3,0,1,0,1,0,137
Game199,88,1,1,1,1,0,2,1,2,1,0,1,1,126
Game200,101,3,0,1,2,0,1,1,1,2,0,1,3,91
Game201,99,1,0,0,2,0,0,0,0,1,1,0,1,106
Game202,88,2,0,1,1,0,2,0,1,1,0,0,1,100
Game203,91,3,1,1,2,0,1,1,0,1,0,0,1,85
Game204,80,1,0,0,0,0,1,1,1,1,1,0,2,87
Game205,75,0,0,1,0,0,0,0,1,3,1,0,0,73
Game206,78,3,0,1,3,0,0,0,0,1,0,0,4,110
Game207,93,3,0,0,3,1,0,0,2,1,1,1,7,103
Game208,112,5,0,1,1,1,0,0,0,1,1,1,1,99
Game209,87,2,0,0,1,1,0,1,0,3,0,0,1,85
Game210,85,1,1,0,0,0,1,0,0,3,1,0,1,86
Game211,86,2,0,1,2,0,2,2,1,0,0,2,0,144
Game212,128,4,2,0,1,0,2,3,0,0,0,1,2,152
Game213,71,1,0,0,0,0,3,1,4,1,1,0,1,133
Game214,100,1,0,0,0,0,2,1,0,0,0,1,0,85
Game215,73,1,0,0,1,1,2,0,1,0,0,0,1,107
Game216,101,1,0,0,2,0,1,1,2,0,0,0,3,121
Game217,92,3,0,0,2,0,1,2,0,0,0,0,5,86
Game218,104,2,0,1,0,0,4,2,0,0,0,0,0,124
Game219,84,2,2,1,1,1,2,3,0,0,0,0,0,123
Game220,78,1,0,2,1,0,1,2,1,1,2,2,3,157
Game221,107,4,0,1,0,1,0,0,0,3,0,0,1,107
Game222,94,1,0,0,2,0,1,1,2,0,1,0,5,104
Game223,105,3,1,0,0,2,1,3,0,0,0,0,2,152
Game224,86,2,0,1,0,0,2,1,0,1,0,0,0,87
Game225,96,1,0,0,0,0,0,0,0,2,0,1,1,62
Game226,114,4,0,1,4,0,0,2,0,0,0,0,4,104
Game227,100,1,1,1,1,0,1,0,3,0,0,1,1,97
Game228,101,2,0,0,2,0,3,4,2,0,1,0,2,134
Game229,86,4,0,1,1,0,0,0,1,1,0,0,1,81
Game230,88,4,0,3,1,0,0,1,1,0,0,0,1,134
Game231,118,0,2,1,3,0,1,5,0,0,0,0,5,137
Game232,111,2,2,0,0,1,1,2,0,0,0,0,2,121
Game233,106,3,0,0,3,2,0,0,0,1,2,1,3,117
Game234,83,0,1,0,0,0,1,1,1,0,0,0,2,88
Game235,98,2,0,0,1,0,1,1,2,0,1,2,0,143
Game236,90,1,0,0,0,0,3,3,1,1,0,0,0,118
Game237,90,5,2,1,0,0,2,1,1,1,0,0,3,104
Game238,89,1,0,1,3,0,1,3,1,1,0,0,2,120
Game239,93,2,0,0,0,0,2,2,3,1,0,0,2,146
Game240,87,1,0,0,2,1,2,1,0,1,0,2,0,117
Game241,70,0,0,0,0,0,1,0,0,2,1,2,3,62
Game242,104,0,0,0,0,0,1,0,3,1,0,1,0,76
Game243,77,0,0,0,2,0,0,0,2,3,0,0,2,110
Game244,104,4,0,2,1,1,1,1,1,0,0,0,1,116
Game245,89,0,0,1,1,0,1,0,0,1,0,1,0,105
Game246,80,0,0,1,1,0,3,4,1,0,0,0,0,95
Game247,123,4,0,1,2,2,2,1,0,0,0,0,2,130
Game248,96,0,0,1,3,0,1,2,1,0,0,0,1,122
Game249,88,2,0,0,1,1,1,2,0,0,0,0,0,68
Game250,93,2,0,1,1,0,1,1,2,0,0,1,2,141
Game251,89,1,1,1,0,1,1,1,0,1,0,0,0,107
Game252,94,1,0,2,0,0,2,1,0,0,0,0,0,92
Game253,110,2,0,2,5,0,0,4,0,0,0,0,7,115
Game254,102,0,0,0,1,0,2,2,1,1,0,0,2,94
Game255,103,2,0,0,0,0,3,2,2,1,0,0,1,74
Game256,96,0,0,0,0,0,2,2,3,1,0,0,1,134
Game257,102,5,0,1,2,0,0,0,0,0,0,0,1,68
Game258,123,3,1,1,1,1,0,1,0,0,0,0,3,133
Game259,88,1,2,0,0,0,0,2,1,0,0,0,4,133
Game260,113,1,3,0,0,1,2,5,1,0,0,0,6,140
Game261,98,2,0,0,1,0,3,1,1,0,0,0,0,113
Game262,89,2,1,0,2,0,0,0,1,0,0,0,0,97
Game263,121,1,1,0,1,0,0,1,1,3,2,1,1,142
Game264,124,0,1,0,3,0,2,1,0,0,0,1,4,106
Game265,121,1,0,1,1,0,1,3,1,0,0,0,0,73
Game266,116,4,0,2,4,0,1,0,1,0,0,0,4,109
Game267,123,1,0,1,3,0,1,2,0,0,0,0,3,91
Game268,83,0,1,0,0,0,0,2,2,1,1,0,2,126
Game269,92,1,0,0,1,0,2,2,1,0,0,2,0,118
Game270,85,1,3,1,0,1,0,3,0,0,0,0,6,177
Game271,90,0,0,0,0,0,1,1,0,3,0,1,0,86
Game272,92,2,1,1,4,1,0,2,0,0,0,0,4,115
Game273,92,3,0,1,1,1,3,2,1,0,0,0,1,93
Game274,90,0,0,0,0,0,3,2,1,1,0,1,0,59
Game275,111,1,1,1,0,0,2,3,0,0,0,0,0,121
Game276,86,4,0,1,1,1,0,0,0,1,0,0,1,76
Game277,97,7,0,1,2,2,0,0,0,0,0,0,2,113
Game278,87,3,0,0,3,0,2,0,2,0,0,1,1,105
Game279,79,2,0,0,1,0,0,1,1,0,0,0,1,108
Game280,98,1,1,0,1,1,5,4,5,0,1,0,1,180
Game281,128,0,1,0,0,0,2,2,0,2,0,0,0,99
Game282,73,3,0,1,0,0,1,0,0,0,1,0,0,82
Game283,125,5,0,1,2,1,0,1,0,0,0,1,1,124
Game284,120,1,0,0,2,0,3,2,4,0,0,0,3,117
Game285,75,1,1,0,0,0,1,3,1,0,0,0,2,117
Game286,92,1,0,1,2,1,2,2,1,0,0,1,5,118
Game287,95,0,2,0,0,0,1,2,2,0,1,0,2,125
Game288,95,2,0,1,3,0,0,0,1,3,1,0,1,117
Game289,86,1,0,0,0,0,1,1,1,0,0,0,0,59
Game290,84,4,0,1,2,1,1,1,1,0,0,0,1,116
Game291,102,1,1,3,2,0,1,4,0,0,0,0,4,126
Game292,135,1,1,0,0,0,0,2,0,2,1,0,3,85
Game293,98,2,2,0,1,1,1,3,0,0,0,0,3,125
Game294,101,2,0,0,2,1,1,1,1,2,0,0,0,127
Game295,87,3,0,0,1,0,1,0,1,0,0,0,1,86
Game296,94,2,0,1,0,1,0,0,0,1,0,0,1,73
Game297,79,2,1,0,2,0,0,2,2,1,0,0,3,149
Game298,87,2,0,0,3,0,0,1,0,0,0,0,4,72
Game299,82,4,0,1,0,0,0,2,1,0,0,0,2,114
Game300,106,3,2,1,1,2,1,3,0,0,0,0,0,163
Game301,97,1,0,0,2,0,1,1,1,0,0,1,2,111
Game302,93,2,1,0,0,1,2,1,0,0,0,0,1,94
Game303,108,4,2,0,0,1,3,2,1,0,0,0,5,140
Game304,77,3,0,4,0,1,0,0,0,0,0,0,0,95
Game305,91,1,1,1,2,0,1,1,1,0,0,0,2,107
Game306,98,3,0,0,2,0,1,0,2,1,0,0,1,85
Game307,74,2,0,1,0,1,1,1,1,0,0,0,1,108
Game308,95,1,0,0,2,0,0,0,2,1,0,0,3,115
Game309,93,4,0,0,2,1,2,0,0,0,0,0,1,113
Game310,89,2,0,0,1,0,2,1,1,0,1,1,0,100
Game311,87,7,0,1,1,1,0,1,0,1,0,0,4,124
Game312,111,3,0,0,1,1,0,0,0,0,0,0,0,102
Game313,110,1,0,0,3,0,1,1,2,2,1,1,1,119
Game314,95,5,0,2,1,1,0,1,0,0,0,0,2,114
Game315,72,5,0,1,1,0,1,0,1,1,0,0,1,93
Game316,73,1,0,0,1,0,1,1,0,0,0,1,0,58
Game317,75,3,0,0,0,1,2,2,0,1,0,1,0,144
Game318,103,3,0,0,3,1,3,2,2,0,0,0,1,124
Game319,101,2,0,1,3,0,3,2,1,1,0,0,3,132
Game320,98,3,1,1,0,0,0,2,0,1,0,0,2,106
Game321,89,2,2,1,1,0,2,4,0,1,0,0,5,184
Game322,87,1,0,1,2,0,1,1,0,1,0,2,0,95
Game323,77,3,0,0,1,0,1,0,0,0,0,2,1,70
Game324,76,3,0,1,1,0,2,0,1,0,0,0,3,105
Game325,89,1,0,0,1,0,1,1,0,2,0,1,0,90
Game326,117,1,0,0,1,0,1,2,1,0,0,0,0,120
Game327,70,0,0,0,0,0,1,2,1,0,0,0,0,109
Game328,86,3,3,0,1,1,0,3,0,0,0,0,7,157
Game329,103,2,0,1,0,0,0,0,1,1,0,0,3,78
Game330,95,1,0,0,2,1,0,0,0,1,0,0,0,65
Game331,95,1,1,0,3,0,0,0,0,1,1,2,2,105
Game332,71,4,0,2,1,0,1,3,0,0,0,0,1,116
Game333,88,0,1,0,0,0,1,1,0,1,0,1,2,82
Game334,69,2,0,3,3,0,0,2,0,1,0,0,3,96
Game335,94,1,1,0,0,0,3,2,2,0,0,1,3,114
Game336,108,3,0,0,2,0,0,0,0,0,0,0,1,81
Game337,89,2,0,0,1,0,1,1,2,0,0,1,0,84
Game338,114,3,0,0,0,0,1,1,4,0,1,0,3,90
Game339,101,4,0,0,1,2,0,0,0,2,0,0,0,80
Game340,86,0,1,0,0,0,2,3,0,0,0,0,0,99
Game341,98,2,0,0,0,0,1,1,2,1,0,0,1,126
Game342,106,0,1,0,0,1,3,6,1,0,0,0,5,115
Game343,73,5,1,1,2,1,0,0,0,1,0,0,4,101
Game344,95,1,1,1,1,0,3,3,1,0,0,1,0,121
Game345,105,2,1,0,0,0,2,3,1,1,0,0,0,137
Game346,68,2,1,1,1,0,3,2,3,0,0,0,4,175
Game347,119,3,0,0,1,1,2,0,0,0,0,0,0,91
Game348,82,2,0,1,2,0,4,2,0,0,0,0,1,122
Game349,87,1,0,1,1,0,1,1,2,0,0,0,4,104
Game350,93,0,0,0,1,0,3,1,2,0,0,0,2,151
Game351,97,5,0,1,2,0,0,1,0,2,0,1,1,102
Game352,96,1,0,0,1,0,3,5,1,0,0,0,5,101
Game353,93,1,0,0,2,0,1,4,2,1,1,0,4,102
Game354,74,3,0,1,2,0,1,1,2,0,0,0,7,123
Game355,122,1,0,1,3,0,3,1,1,1,0,0,7,125
Game356,91,2,0,2,1,1,0,1,0,0,0,0,0,95
Game357,100,3,0,1,1,1,1,2,1,1,0,1,2,131
Game358,99,0,0,0,1,0,2,2,1,0,0,0,2,113
Game359,78,0,1,0,0,0,3,2,2,0,0,1,2,112
Game360,81,3,0,1,3,0,0,1,0,0,0,0,0,101
Game361,90,1,0,0,0,0,3,3,1,0,0,1,0,160
Game362,108,2,0,0,0,0,0,0,0,3,1,0,2,85
Game363,88,1,0,1,2,0,1,2,2,0,0,0,2,119
Game364,83,0,0,0,1,0,3,3,2,0,0,1,0,125
Game365,94,3,0,2,0,0,1,0,0,0,0,0,0,88
Game366,96,4,1,1,1,0,0,1,0,0,0,0,4,95
Game367,88,1,0,0,1,0,0,0,0,1,0,2,1,81
Game368,107,2,0,2,2,1,2,2,1,0,1,0,1,133
Game369,92,3,0,1,0,0,0,1,0,1,0,0,2,113
Game370,108,3,0,0,2,0,2,2,3,0,0,1,1,128
Game371,91,0,1,0,2,0,1,3,1,0,0,0,3,74
Game372,86,1,0,0,1,1,1,1,0,2,0,0,1,101
Game373,120,1,1,1,1,0,2,4,1,1,0,0,2,146
Game374,61,4,0,4,0,0,0,0,0,0,0,0,1,96
Game375,95,2,0,2,1,0,1,1,0,1,0,0,3,118
Game376,76,3,0,2,2,0,3,0,2,1,0,0,0,111
Game377,122,4,0,0,1,0,2,1,1,0,0,0,2,110
Game378,104,2,1,0,0,0,1,3,1,2,1,1,8,130
Game379,113,4,0,2,2,1,1,0,0,1,0,0,2,84
Game380,86,2,0,0,1,1,2,0,1,0,0,0,0,60
Game381,98,0,0,1,1,0,1,0,0,1,0,1,0,68
Game382,92,3,0,0,1,0,2,0,2,0,0,0,1,84
Game383,97,1,1,0,1,0,2,2,3,2,1,0,3,128
Game384,112,0,1,0,3,1,1,3,1,0,0,1,3,149
Game385,97,3,0,3,1,0,1,1,1,1,0,0,0,95
Game386,96,2,0,0,4,0,0,0,1,2,0,0,1,98
Game387,103,3,0,1,3,1,0,0,0,3,1,0,3,118
Game388,89,1,0,0,0,0,4,3,0,1,0,1,0,149
Game389,100,1,2,0,1,0,1,3,0,0,0,0,3,126
Game390,115,1,2,1,1,0,1,2,1,0,0,0,3,113
Game391,117,1,0,1,2,0,1,0,0,0,0,1,1,64
Game392,80,1,0,0,0,0,1,0,1,2,0,1,0,72
Game393,109,2,1,2,1,0,0,2,1,0,0,1,1,103
Game394,100,3,0,0,1,0,2,0,2,0,0,0,1,109
Game395,76,5,0,0,0,0,1,2,0,0,0,1,1,124
Game396,121,2,0,3,0,0,0,0,0,1,0,0,0,81
Game397,85,1,2,0,0,0,1,1,2,0,1,1,2,104
Game398,117,4,0,2,2,0,1,1,1,0,0,0,2,107
Game399,80,1,0,0,2,0,1,1,0,0,0,0,2,89
Game400,157,1,1,0,2,0,1,0,2,0,0,1,3,113
Game401,80,2,0,2,0,1,2,1,1,0,1,0,0,119
Game402,76,0,0,2,1,0,1,0,1,2,0,1,0,92
Game403,105,1,0,2,1,0,1,1,2,0,1,0,1,102
Game404,99,0,0,0,3,0,2,3,2,1,1,0,4,82
Game405,87,1,1,1,1,0,2,2,3,0,0,1,0,115
Game406,76,3,1,2,0,0,0,1,1,0,0,0,2,110
Game407,116,1,0,0,2,1,1,1,1,0,0,0,0,108
Game408,89,2,2,0,0,0,0,3,1,1,0,0,5,117
Game409,89,1,0,1,1,0,0,0,1,0,0,1,0,54
Game410,87,1,0,0,0,0,1,0,1,1,0,0,0,63
Game411,125,0,1,0,2,0,0,1,1,1,0,0,5,135
Game412,142,3,1,1,2,0,1,2,1,0,0,0,3,112
Game413,98,2,0,1,2,1,1,1,0,1,0,0,0,108
Game414,104,2,0,2,0,0,0,2,1,0,1,0,0,72
Game415,92,0,1,0,1,0,3,0,1,0,0,0,0,79
Game416,153,2,0,0,0,1,1,2,1,0,0,1,0,114
Game417,105,3,0,1,2,1,0,0,1,0,0,1,0,97
Game418,111,1,1,0,1,0,1,3,0,0,0,0,2,110
Game419,124,5,0,0,1,0,0,1,1,1,0,0,1,100
Game420,81,5,0,0,1,0,3,1,0,2,0,1,1,139
Game421,101,4,0,1,0,1,0,0,0,2,0,0,0,83
Game422,92,1,0,0,1,0,1,1,0,0,0,1,0,87
Game423,131,6,1,0,2,0,0,0,0,2,0,0,4,87
Game424,101,2,1,0,1,0,0,3,0,1,0,1,1,91
Game425,83,5,0,1,1,0,0,0,0,1,1,0,2,71
Game426,126,2,5,1,1,1,0,3,0,0,0,0,7,137
Game427,89,0,1,0,2,1,1,2,0,0,0,1,8,139
Game428,90,3,0,1,2,0,2,2,4,0,0,0,6,149
Game429,96,1,0,0,0,0,2,2,2,1,0,1,2,113
Game430,73,0,1,0,1,0,2,1,1,1,1,0,1,124
Game431,71,0,0,0,0,0,3,3,2,0,0,1,0,129
Game432,83,2,1,1,0,0,2,2,2,0,0,1,3,125
Game433,81,2,0,0,1,0,1,0,2,1,0,0,0,75
Game434,72,0,0,0,1,0,1,0,1,1,0,1,2,66
Game435,97,4,0,0,3,0,1,2,0,1,0,0,5,108
Game436,77,1,0,0,2,0,3,0,1,0,0,0,0,114
Game437,105,1,0,0,1,0,3,3,1,0,0,0,4,80
Game438,121,1,1,1,0,0,0,1,0,0,1,0,1,85
Game439,86,2,0,1,1,0,0,1,0,0,0,0,1,70
Game440,86,3,0,2,0,0,2,2,1,1,0,0,4,177
Game441,86,3,0,0,0,0,3,1,0,1,0,0,0,87
Game442,96,3,0,0,1,2,0,0,0,1,0,1,0,92
Game443,97,2,0,0,1,0,0,0,0,0,1,0,3,72
Game444,118,3,0,0,2,0,1,1,0,0,0,0,0,64
Game445,71,4,0,0,2,0,2,1,0,1,0,0,2,87
Game446,99,1,0,2,3,0,0,0,2,0,0,0,2,126
Game447,94,2,0,2,2,1,0,1,0,1,0,0,6,112
Game448,106,0,1,0,2,0,0,2,0,0,0,2,1,78
Game449,79,1,0,1,0,0,2,3,0,0,0,0,1,133
Game450,87,4,0,1,2,1,1,1,1,0,0,0,2,98
Game451,83,2,0,0,2,1,1,1,0,0,0,0,0,100
Game452,76,0,0,0,0,0,1,0,1,1,0,1,0,47
Game453,107,3,0,0,1,1,1,1,1,1,0,1,0,74
Game454,100,1,0,0,2,0,1,2,0,1,0,0,1,97
Game455,125,2,0,1,0,0,2,2,1,0,0,1,0,101
Game456,94,2,0,2,3,0,2,2,0,0,0,0,1,126
Game457,87,3,0,1,2,0,1,2,0,2,0,1,3,119
Game458,75,0,0,0,0,0,3,3,1,1,0,0,0,125
Game459,99,2,0,0,2,1,1,1,2,1,0,0,1,73
Game460,89,3,0,1,2,0,1,0,1,0,0,0,2,124
Game461,90,0,0,1,0,0,2,3,2,2,1,0,0,96
Game462,105,0,0,1,0,0,2,1,4,0,0,0,2,88
Game463,81,1,1,0,1,0,1,1,1,1,0,0,3,120
Game464,91,4,0,0,0,1,2,0,1,0,0,0,0,81
Game465,90,2,1,0,0,0,1,2,2,0,0,0,1,128
Game466,85,1,0,1,1,0,2,1,1,1,0,0,2,80
Game467,85,4,1,0,0,1,1,2,0,0,0,0,3,96
Game468,94,4,0,0,1,0,1,0,1,0,0,1,2,91
Game469,109,0,0,0,1,0,2,2,0,0,0,2,0,72
Game470,93,0,2,1,0,0,0,1,0,0,0,0,1,102
Game471,103,4,0,1,1,0,2,0,0,0,0,0,1,103
Game472,75,2,0,1,1,0,1,2,0,1,0,0,1,98
Game473,86,1,0,0,0,0,1,1,1,3,1,2,3,106
Game474,107,1,0,0,2,0,2,1,2,0,0,0,1,58
Game475,82,1,0,0,1,0,1,1,0,0,0,0,0,64
Game476,91,1,0,0,1,0,1,2,0,2,0,0,4,111
Game477,80,0,0,0,0,0,1,1,3,1,0,0,1,110
Game478,83,1,0,0,2,0,3,5,2,0,0,0,3,179
Game479,96,1,0,1,0,0,2,1,2,0,0,0,0,112
Game480,71,3,2,1,0,0,0,2,0,0,0,0,2,114
Game481,100,0,0,0,0,0,1,1,1,1,1,2,5,117
Game482,94,4,0,1,0,1,1,0,0,1,0,0,0,70
Game483,104,1,2,0,1,0,2,4,0,0,0,0,4,105
Game484,105,1,0,0,0,0,2,1,1,0,0,1,0,67
Game485,94,0,0,0,0,0,1,0,0,3,0,0,0,72
Game486,81,2,0,0,2,0,0,0,1,1,0,1,1,106
Game487,84,2,0,1,4,0,0,1,0,0,0,1,2,92
Game488,103,4,0,1,0,0,0,1,0,1,1,0,2,91
Game489,80,2,0,1,5,1,0,2,0,1,0,0,2,103
Game490,78,0,0,0,2,0,1,1,0,0,0,1,0,110
Game491,84,0,2,0,0,2,1,4,0,0,0,0,3,93
Game492,91,0,0,0,2,0,1,0,2,0,1,1,0,88
Game493,78,0,0,0,0,0,2,3,1,1,0,0,0,80
Game494,94,0,0,0,0,0,1,3,1,0,0,1,0,96
Game495,94,0,0,1,4,0,1,1,1,0,0,2,0,129
Game496,99,1,0,0,4,0,0,0,0,0,0,0,2,81
Game497,90,0,1,0,1,0,2,2,2,0,0,0,2,91
Game498,94,1,0,0,0,0,2,1,3,0,0,1,2,121
Game499,79,0,0,0,0,0,2,3,3,0,0,0,0,70
Game500,87,0,1,0,1,0,2,1,1,0,0,0,1,103
Game501,74,1,0,0,0,0,1,0,0,0,0,0,0,67
Game502,93,3,0,0,3,0,1,1,2,0,0,0,2,77
Game503,90,0,3,0,0,0,2,4,0,1,0,0,1,129
Game504,90,3,0,0,1,0,1,2,2,0,0,1,0,84
Game505,99,1,0,0,1,0,0,0,2,2,0,1,0,73
Game506,87,1,0,0,3,0,1,1,0,0,0,1,3,77
Game507,91,1,4,0,1,0,1,4,0,0,0,0,5,149
Game508,112,3,0,0,3,0,2,1,1,0,0,0,2,102
Game509,95,3,0,0,1,0,3,1,1,0,0,0,1,96
Game510,110,0,2,0,1,0,0,1,1,0,0,0,6,107
Game511,105,3,0,1,2,0,3,2,1,0,0,0,0,145
Game512,80,4,0,0,1,1,1,0,0,1,0,1,0,101
Game513,101,1,0,0,1,1,2,1,1,0,0,0,1,125
Game514,102,1,3,0,1,0,1,3,0,0,0,0,3,118
Game515,85,1,1,0,0,0,1,2,1,0,0,0,4,112
Game516,81,1,1,0,1,0,3,3,1,0,0,0,2,128
Game517,94,2,0,1,1,0,1,1,1,0,0,0,1,113
Game518,87,1,0,1,2,0,1,0,1,0,0,0,1,88
Game519,98,2,0,2,2,0,0,2,1,0,0,1,2,115
Game520,77,1,2,1,1,0,0,1,2,0,0,1,2,111
Game521,85,0,2,2,1,0,0,3,1,0,0,0,2,108
Game522,89,3,0,0,2,0,0,0,1,1,0,0,1,111
Game523,69,2,0,1,1,0,2,1,1,0,0,1,1,121
Game524,97,1,0,0,0,0,2,2,0,0,0,0,0,88
Game525,120,2,1,1,3,0,1,3,0,0,0,0,4,137
Game526,135,1,1,1,2,0,1,5,2,0,0,0,3,85
Game527,100,1,2,0,0,1,1,6,1,0,0,0,2,109
Game528,97,1,0,0,0,0,2,3,1,0,0,0,2,111
Game529,93,2,1,0,0,0,1,3,1,2,0,0,6,106
Game530,77,0,0,0,3,0,2,2,1,1,1,1,2,141
Game531,75,3,0,0,1,0,0,0,1,0,0,0,0,72
Game532,106,3,1,1,2,0,1,2,1,0,0,0,3,106
Game533,101,2,1,0,1,0,1,2,0,0,0,0,2,125
Game534,93,4,0,1,1,0,1,0,3,0,0,0,2,81
Game535,85,0,0,0,1,0,1,3,1,0,0,0,1,88
Game536,97,1,1,0,2,0,2,1,2,0,0,0,2,109
Game537,73,2,0,0,0,0,4,3,3,1,0,1,0,146
Game538,116,1,1,0,2,0,1,1,0,0,0,1,2,99
Game539,111,2,1,0,2,0,0,1,2,0,0,0,6,123
Game540,94,3,0,0,1,0,1,1,0,0,0,0,0,85
Game541,126,1,0,0,2,0,1,2,1,0,0,1,0,101
Game542,91,1,1,1,0,0,0,1,1,1,0,1,0,92
Game543,110,2,2,1,0,0,1,3,0,2,0,0,1,152
Game544,96,4,1,1,2,0,1,4,0,0,0,0,4,113
Game545,94,5,0,1,1,1,1,0,0,0,0,0,1,90
Game546,103,4,0,0,3,0,0,0,0,1,0,0,3,96
Game547,96,2,0,0,0,0,2,2,2,0,0,1,2,87
Game548,102,0,0,0,0,0,2,1,3,0,0,0,6,118
Game549,75,3,0,0,0,0,1,1,0,2,0,0,1,118
Game550,132,3,1,0,2,0,0,4,0,0,0,0,6,120
Game551,105,0,2,0,1,1,0,3,0,0,0,0,0,95
Game552,145,3,0,0,0,0,0,1,1,1,0,0,1,95
Game553,133,5,0,1,0,2,0,1,1,0,0,0,5,103
Game554,114,3,1,2,2,0,0,2,0,1,0,0,5,112
Game555,113,2,1,0,0,0,2,2,1,0,0,0,2,93
Game556,103,1,0,0,0,0,3,2,3,0,0,1,2,173
Game557,107,2,2,1,1,1,0,3,1,0,0,0,4,127
Game558,123,3,0,2,3,0,1,3,1,0,0,0,5,132
Game559,130,4,0,0,2,0,0,1,0,0,0,0,4,91
Game560,109,3,1,0,1,1,1,1,0,0,0,1,0,72
Game561,146,3,0,1,4,0,2,1,0,1,0,0,1,104
Game562,78,0,0,0,1,0,1,3,1,0,0,0,0,90
Game563,103,4,0,0,2,1,0,0,1,0,0,1,0,109
Game564,82,0,2,0,0,0,2,2,0,0,0,0,0,98
Game565,86,4,0,2,0,0,1,1,1,0,0,0,1,78
Game566,128,4,1,0,1,0,0,0,0,1,0,0,3,130
Game567,101,2,0,0,0,1,0,1,1,1,0,0,3,117
Game568,119,3,0,0,5,1,0,0,0,0,0,1,4,105
Game569,93,4,0,0,3,0,1,0,0,0,0,0,1,69
Game570,88,1,2,0,2,0,0,2,0,1,0,3,3,115
Game571,104,3,0,0,0,1,1,0,1,0,0,0,0,86
Game572,108,3,1,0,2,0,0,1,1,0,0,0,1,109
Game573,112,3,1,2,1,0,0,0,1,0,0,0,2,83
Game574,99,1,2,0,1,0,1,3,2,0,0,0,3,110
Game575,91,4,0,1,1,0,2,2,3,0,0,0,1,119
Game576,91,3,1,0,0,0,1,0,1,1,0,0,2,55
Game577,101,1,3,1,1,0,0,2,0,0,0,1,3,125
Game578,93,2,0,2,1,0,2,4,2,2,1,1,4,198
Game579,90,0,0,3,1,0,2,1,1,1,0,0,0,105
Game580,98,2,2,3,0,1,1,3,1,0,0,0,5,168
Game581,103,3,0,0,2,0,1,1,0,1,0,0,0,123
Game582,93,1,1,0,0,0,2,5,1,1,1,0,1,143
Game583,149,1,0,0,3,0,1,0,2,0,0,0,7,117
Game584,68,1,0,0,2,0,1,0,2,1,0,0,1,79
Game585,89,2,1,1,2,1,0,1,1,0,0,1,2,127
Game586,98,1,1,0,1,0,2,1,0,1,1,1,6,133
Game587,83,1,1,1,1,0,2,3,0,0,0,1,2,103
Game588,92,0,0,0,1,0,3,2,2,0,0,0,0,108
Game589,83,1,0,0,0,0,3,1,1,0,0,0,0,101
Game590,113,1,0,0,2,0,0,2,1,2,0,0,1,136
Game591,91,2,1,0,2,1,1,2,1,0,0,0,4,114
Game592,62,0,0,0,0,0,1,1,0,1,0,1,0,73
Game593,77,3,0,0,1,0,1,1,1,0,0,0,2,59
Game594,95,2,0,2,5,1,1,1,1,0,0,1,0,148
Game595,68,3,0,0,0,0,1,0,0,3,1,0,0,98
Game596,72,0,1,1,0,0,0,1,0,1,1,0,1,106
Game597,97,4,0,1,1,1,1,1,0,1,1,0,0,123
Game598,92,0,0,0,1,0,1,1,3,1,2,2,0,146
Game599,111,0,2,2,2,0,1,4,0,1,0,0,3,133
Game600,140,1,1,1,0,0,1,1,1,0,0,0,4,116
Game601,84,0,3,0,1,0,1,4,0,0,0,0,4,120
Game602,88,2,0,0,1,0,0,2,1,0,0,1,2,81
Game603,92,3,0,2,2,0,1,0,0,2,0,0,1,80
Game604,110,1,1,1,3,0,0,0,0,1,0,0,3,92
Game605,83,3,0,2,0,2,0,1,2,1,0,0,0,92
Game606,102,2,0,1,0,0,0,0,2,1,0,0,1,89
Game607,88,2,0,0,1,0,3,1,1,1,0,0,0,78
Game608,78,3,0,1,0,0,2,2,0,1,0,0,0,107
Game609,85,2,0,0,2,1,3,1,1,0,0,0,0,89
Game610,83,0,1,0,0,0,1,3,1,0,0,0,0,126
Game611,97,2,0,0,2,0,0,0,3,0,0,1,1,102
Game612,80,1,2,1,0,0,1,3,1,2,0,0,2,171
Game613,84,2,1,0,0,1,0,1,1,0,0,1,3,126
Game614,79,2,1,4,2,0,0,1,0,0,0,0,0,85
Game615,61,2,0,1,0,0,2,2,1,1,0,0,3,144
Game616,111,1,0,0,1,0,1,1,4,0,0,0,3,139
Game617,92,1,2,1,0,0,1,1,0,0,0,1,2,93
Game618,93,1,1,0,0,0,3,3,2,1,0,0,4,158
Game619,93,1,0,0,0,0,0,1,0,2,0,0,1,74
Game620,69,0,0,0,1,0,2,3,0,0,0,0,0,166
Game621,73,0,0,1,0,0,1,4,1,0,0,0,1,77
Game622,100,2,0,1,2,1,0,1,1,1,0,0,0,118
Game623,103,1,0,1,1,1,0,1,1,1,0,0,1,121
Game624,82,1,0,1,1,0,2,1,1,0,0,1,0,93
Game625,106,2,1,0,1,0,0,1,1,1,0,1,3,138
Game626,80,5,1,1,2,0,1,1,2,0,0,0,5,116
Game627,82,4,0,0,0,0,2,2,0,2,0,0,3,111
Game628,79,3,0,0,2,0,1,1,1,1,0,0,2,110
Game629,96,0,1,0,0,0,0,0,1,0,0,1,0,55
Game630,107,2,0,0,1,0,1,1,1,0,0,2,2,84
Game631,84,2,0,1,1,1,1,1,1,0,0,0,1,111
Game632,99,0,1,0,2,0,1,3,2,0,0,0,2,130
Game633,119,6,0,1,3,0,0,1,1,0,0,0,4,102
Game634,98,0,0,0,1,0,2,1,3,1,1,1,0,112
Game635,84,1,0,1,0,2,2,4,0,1,0,0,4,185
Game636,105,1,0,0,0,0,2,2,1,0,0,0,2,123
Game637,111,3,0,1,2,0,0,0,0,0,0,0,2,69
Game638,87,1,0,0,2,0,1,1,1,1,1,1,0,97
Game639,121,2,0,1,0,2,1,5,1,0,0,0,4,166
Game640,116,3,0,0,1,1,2,0,1,0,0,0,0,85
Game641,90,1,0,1,0,0,1,0,1,1,0,0,0,64
Game642,85,1,0,0,0,0,2,0,1,0,0,0,0,56
Game643,111,2,1,0,1,0,0,1,1,0,0,1,4,105
Game644,88,1,1,2,3,1,1,2,1,0,0,1,1,141
Game645,83,3,1,1,2,0,0,1,1,1,0,1,4,152
Game646,75,1,1,1,0,0,0,2,0,0,0,0,1,67
Game647,81,1,1,0,0,0,1,1,0,0,0,0,1,66
Game648,107,1,1,0,2,0,1,3,3,0,0,0,4,110
Game649,78,5,0,1,0,1,1,0,2,2,0,1,0,147
Game650,97,0,1,0,1,0,3,1,1,0,0,0,3,113
Game651,97,0,2,0,0,0,0,1,1,1,1,0,1,108
Game652,78,1,0,0,0,0,0,0,0,3,0,0,0,59
Game653,88,1,0,1,2,0,2,1,1,1,0,0,0,80
Game654,103,1,1,0,2,0,1,1,1,2,1,0,1,143
Game655,90,1,1,0,1,0,1,4,1,0,0,0,3,96
Game656,82,2,2,1,3,0,2,2,2,0,0,0,6,133
Game657,76,1,0,0,2,0,1,1,2,1,0,2,0,119
Game658,93,3,0,0,1,0,1,0,1,1,1,1,2,110
Game659,82,2,0,0,3,1,1,1,0,1,0,0,1,123
Game660,84,2,0,0,3,0,1,0,0,1,0,0,1,92
Game661,143,0,2,0,2,0,1,1,0,0,0,1,0,104
Game662,81,1,0,2,0,0,3,2,1,0,0,0,1,94
Game663,116,1,0,2,2,0,0,1,0,1,1,1,3,68
Game664,78,3,0,0,1,0,0,0,1,0,0,0,0,65
Game665,125,5,1,1,1,1,0,2,1,0,0,0,3,108
Game666,87,3,2,0,1,0,0,1,1,1,0,0,4,146
Game667,72,2,0,0,2,0,0,0,0,2,2,0,1,105
Game668,88,1,0,1,2,0,1,1,1,0,0,1,2,114
Game669,105,2,0,0,0,1,0,1,0,2,1,0,2,108
Game670,118,3,1,1,0,1,2,2,0,0,0,0,3,112
Game671,99,4,1,0,2,1,1,1,1,1,0,0,3,107
Game672,145,3,0,1,2,0,3,1,1,0,0,0,0,108
Game673,98,1,0,0,1,0,1,3,0,1,0,1,1,93
Game674,109,3,1,2,2,0,1,2,1,2,0,0,6,162
Game675,105,0,0,2,3,0,2,4,1,0,1,0,1,125
Game676,88,0,1,0,1,0,2,3,2,0,1,1,2,148
Game677,98,2,2,1,1,0,1,2,0,0,0,0,1,80
Game678,80,2,0,0,1,0,0,2,0,0,1,1,3,96
Game679,93,3,0,1,2,1,2,3,1,0,0,1,4,148
Game680,92,1,0,0,1,0,0,1,0,1,1,1,0,96
Game681,77,2,0,0,1,0,1,1,0,0,1,0,0,105
Game682,106,2,2,0,0,0,0,2,0,1,0,0,5,119
Game683,114,1,0,1,0,0,3,2,2,1,0,0,2,157
Game684,124,0,1,0,1,0,1,2,2,1,1,0,3,115
Game685,111,3,0,1,0,1,1,0,1,1,1,0,0,103
Game686,122,1,0,0,1,0,4,3,1,0,1,0,1,129
Game687,84,4,0,1,1,1,1,0,0,0,2,0,1,115
Game688,98,4,0,1,2,2,1,1,0,1,0,0,1,133
Game689,79,0,1,0,0,0,3,4,0,0,0,0,1,111
Game690,78,1,0,0,1,0,0,0,0,1,0,1,1,61
Game691,80,1,1,0,1,0,3,2,3,0,0,1,2,140
Game692,84,3,0,1,3,1,0,0,1,2,1,0,4,121
Game693,100,3,0,1,0,2,3,2,2,1,1,0,2,161
Game694,112,1,1,0,1,0,0,0,1,1,0,1,2,98
Game695,116,1,2,0,0,0,1,3,3,0,1,0,2,94
Game696,115,0,2,0,1,0,2,2,0,0,0,1,1,95
Game697,84,1,1,1,2,1,2,2,0,0,0,0,0,90
Game698,78,4,0,1,0,1,1,0,0,1,0,0,1,78
Game699,71,3,0,0,0,1,1,1,1,1,0,1,1,162
Game700,90,2,0,1,0,0,2,1,2,1,0,0,1,94
Game701,99,1,0,1,1,0,1,0,1,1,0,1,1,91
Game702,97,2,0,1,2,0,0,0,1,1,0,0,2,76
Game703,91,0,2,0,0,0,2,2,1,0,2,1,0,126
Game704,99,0,2,1,1,0,1,2,2,1,1,0,2,136
Game705,97,2,1,2,5,0,1,2,2,1,0,1,3,150
Game706,82,5,0,1,0,1,2,1,2,0,0,0,3,118
Game707,99,4,0,0,1,1,0,0,1,2,1,0,1,100
Game708,105,4,0,1,2,2,1,1,1,0,0,1,2,119
Game709,96,3,0,1,0,1,0,2,0,0,1,0,2,83
Game710,115,3,0,1,3,0,1,2,1,0,0,1,1,116
Game711,126,0,0,1,2,0,4,3,1,0,0,0,0,84
Game712,92,2,0,0,2,1,2,2,0,1,0,1,0,134
Game713,120,3,0,0,1,0,1,1,2,0,0,0,7,109
Game714,79,1,0,0,0,0,1,1,2,1,0,1,0,81
Game715,80,1,1,0,0,0,0,1,1,1,0,0,1,118
Game716,103,2,0,1,3,0,2,1,1,0,0,1,2,72
Game717,84,1,0,1,0,0,2,2,0,1,0,0,0,142
Game718,109,3,0,0,2,0,2,1,0,2,0,0,2,136
Game719,156,1,1,1,3,0,0,1,0,0,1,1,3,149
Game720,91,1,0,0,0,0,2,3,1,3,0,0,4,146
Game721,85,2,0,0,0,0,1,0,2,0,0,1,1,96
Game722,102,2,0,1,0,0,2,3,0,1,0,0,3,145
Game723,108,3,0,2,2,0,1,1,0,0,0,2,4,91
Game724,109,3,1,1,2,0,1,1,2,0,0,0,1,101
Game725,91,1,0,1,1,0,0,0,1,1,0,0,0,59
Game726,98,3,0,1,1,0,0,1,0,2,0,0,1,103
Game727,118,2,3,1,2,1,1,3,0,0,0,1,2,159
Game728,77,3,0,2,0,1,0,0,2,0,1,0,0,117
Game729,73,3,1,2,3,0,2,1,1,0,0,0,1,120
Game730,93,2,0,1,2,0,0,2,1,1,0,1,1,136
Game731,108,4,1,0,1,0,0,1,0,0,0,0,1,107
Game732,91,3,0,1,0,0,2,2,1,1,0,0,1,139
Game733,79,1,0,0,0,0,2,2,2,2,0,0,1,88
Game734,84,1,0,0,0,0,1,3,1,1,0,0,1,88
Game735,81,2,0,0,1,0,1,0,2,1,0,0,1,75
Game736,90,1,2,0,4,1,0,2,0,0,0,0,4,128
Game737,74,1,0,1,0,0,3,3,1,1,0,0,2,139
Game738,119,2,2,1,2,1,0,1,1,0,0,0,5,171
Game739,101,3,0,1,3,0,2,1,3,0,0,0,1,158
Game740,78,2,0,1,0,0,1,1,1,0,1,0,0,85
Game741,104,2,1,0,3,0,0,0,1,0,0,0,3,88
Game742,84,2,0,0,3,0,2,2,0,0,0,0,3,135
Game743,107,5,0,1,0,1,1,1,0,1,0,0,0,98
Game744,103,2,0,2,1,0,2,4,2,0,0,1,0,109
Game745,121,3,0,0,1,1,0,0,3,0,0,0,3,128
Game746,121,2,1,0,2,1,1,2,1,0,0,1,1,109
Game747,103,1,0,0,1,0,2,1,2,0,0,0,0,62
Game748,77,2,0,0,2,0,1,0,0,1,0,0,0,106
Game749,73,1,1,1,0,0,1,1,1,0,0,0,0,75
Game750,112,1,0,0,0,0,2,2,1,0,0,0,1,94
Game751,106,1,0,1,4,0,2,4,0,0,0,0,3,106
Game752,98,3,0,2,3,1,0,0,1,0,0,0,2,100
Game753,119,2,0,1,2,0,1,0,3,0,0,0,5,121
Game754,86,1,0,2,3,1,1,1,0,2,0,0,0,90
Game755,70,2,0,1,0,0,1,0,0,0,0,0,0,43
Game756,85,3,0,1,2,1,1,2,1,0,0,0,1,130
Game757,96,2,0,1,1,0,1,2,1,0,0,0,2,120
Game758,83,4,1,0,2,0,0,0,0,1,0,0,3,114
Game759,79,1,0,0,2,0,0,1,0,0,0,0,2,87
Game760,89,1,0,0,1,1,1,0,0,0,0,1,0,103
Game761,124,3,0,1,1,0,0,0,0,0,0,0,0,60
Game762,132,3,0,0,2,0,1,1,0,0,0,0,6,89
Game763,95,0,1,0,1,0,0,2,1,0,0,0,1,74
Game764,75,1,1,0,1,0,0,2,1,0,0,0,1,109
Game765,145,1,1,0,1,0,0,0,0,1,0,0,0,76
Game766,99,0,1,0,1,0,1,1,0,0,0,0,1,99
Game767,151,1,3,1,0,0,0,1,3,0,0,0,3,108
Game768,95,3,0,1,1,1,0,0,0,0,0,0,1,103
Game769,89,0,1,0,0,0,1,1,4,0,1,0,2,114
Game770,80,3,0,0,1,1,0,1,1,0,0,0,3,115
Game771,79,4,0,0,1,2,0,0,0,0,0,0,2,98
Game772,113,0,0,0,1,0,0,1,2,2,1,0,2,106
Game773,111,3,0,1,1,0,1,1,0,0,0,0,1,108
Game774,115,2,0,1,0,0,2,3,1,0,0,0,2,99
Game775,97,0,0,0,0,0,0,2,0,0,0,0,1,36
Game776,94,1,1,2,0,0,2,1,1,0,0,0,2,105
Game777,88,3,0,0,1,0,0,1,1,0,0,0,3,98
Game778,76,2,1,0,0,0,0,2,1,0,0,0,2,107
Game779,99,3,0,1,1,1,0,1,0,0,0,0,1,70
Game780,102,1,0,1,2,1,0,2,0,0,0,0,4,112
Game781,83,1,0,1,1,0,1,1,1,0,0,0,0,86
Game782,137,1,0,0,3,1,0,0,0,0,0,0,1,95
Game783,93,1,2,1,1,1,2,5,1,0,0,0,1,135
Game784,98,2,1,1,1,1,2,3,1,0,0,0,1,161
Game785,105,1,1,3,2,0,0,1,0,0,0,0,2,95
Game786,82,0,0,0,2,0,1,0,0,1,0,0,1,96
Game787,135,0,0,1,4,0,0,0,0,0,0,0,5,83
Game788,96,4,0,1,1,1,2,1,1,0,0,0,0,91
Game789,146,1,0,0,2,0,2,2,2,0,0,0,0,68
Game790,113,4,0,1,1,0,0,0,1,0,0,1,0,103
Game791,105,0,1,1,2,0,0,1,1,0,0,2,3,109
Game792,123,2,2,1,0,0,1,1,0,0,0,0,1,83
Game793,78,2,1,3,3,1,0,1,0,0,0,0,3,125
Game794,116,3,0,0,1,0,3,3,0,0,0,0,0,114
Game795,86,1,0,2,1,0,1,1,2,0,0,0,2,95
Game796,98,3,0,3,1,1,0,1,0,0,0,0,0,102
Game797,122,1,0,0,2,0,0,1,3,0,1,2,2,129
Game798,100,3,1,1,1,1,2,3,1,0,0,0,2,121
Game799,93,1,0,0,0,0,0,2,1,0,0,0,1,68
Game800,77,1,0,0,1,0,1,2,1,0,0,0,1,106
Game801,82,1,0,1,1,0,0,1,0,0,0,0,2,56
Game802,79,1,0,1,0,0,2,2,0,1,0,0,0,141
Game803,113,1,1,1,1,2,2,3,0,0,0,0,0,139
Game804,95,2,0,1,3,0,0,1,1,0,0,0,2,98
Game805,92,0,0,1,3,0,0,0,0,1,1,0,2,91
Game806,93,1,1,0,1,0,3,2,2,0,0,0,0,84
Game807,117,1,3,1,2,0,1,2,1,0,0,0,5,117
Game808,112,0,3,0,2,0,1,3,0,0,0,0,5,149
Game809,95,2,0,0,1,0,0,2,1,0,0,1,1,107
Game810,75,4,0,1,0,0,1,3,0,0,0,0,1,83
Game811,110,2,0,0,1,1,1,1,1,1,0,0,1,100
Game812,84,2,0,0,0,0,1,1,0,0,0,0,1,74
Game813,95,3,0,1,1,1,0,0,1,0,0,1,1,112
Game814,93,4,1,0,0,2,0,1,0,0,0,0,1,79
Game815,87,3,0,1,1,0,0,0,1,1,0,0,2,75
Game816,98,0,0,0,1,0,4,4,3,0,0,0,0,60
Game817,114,3,0,3,1,1,0,3,0,0,0,0,3,73
Game818,101,6,0,2,2,1,1,0,1,0,0,0,1,102
Game819,79,1,0,1,0,0,1,3,1,1,0,0,2,157
Game820,122,2,0,0,1,1,0,0,0,1,0,1,0,65
Game821,108,2,0,1,0,0,3,1,0,1,0,0,0,77
Game822,84,2,2,0,0,0,1,4,0,0,0,0,5,135
Game823,94,1,0,0,2,1,0,1,0,2,0,1,1,77
Game824,125,1,2,0,3,0,2,3,0,0,0,1,2,110
Game825,87,1,1,0,1,0,1,3,1,0,0,0,4,129
Game826,102,3,3,0,1,0,2,2,0,0,0,1,4,118
Game827,91,4,0,1,1,0,0,2,1,0,0,0,3,97
Game828,76,3,0,0,0,0,2,1,2,0,0,0,1,96
Game829,85,1,1,0,2,0,2,0,1,1,0,0,0,82
Game830,92,0,1,0,2,0,0,0,0,1,0,0,0,74
Game831,98,1,0,2,2,0,0,0,0,0,0,0,0,69
Game832,89,2,0,0,1,0,1,0,1,0,0,0,0,102
Game833,111,2,0,1,3,0,2,0,1,0,0,1,2,126
Game834,81,1,1,0,0,0,1,2,0,0,0,0,2,81
Game835,107,5,0,2,2,1,0,1,0,0,0,1,2,96
Game836,90,0,2,1,2,1,1,4,1,0,0,0,1,97
Game837,88,1,1,0,1,0,0,0,0,0,0,1,0,63
Game838,106,2,1,0,3,1,1,2,1,1,1,1,5,103
Game839,109,4,0,3,1,0,2,1,0,1,0,0,1,123
Game840,90,2,0,0,1,1,1,1,0,1,1,1,0,118
Game841,125,2,0,0,0,0,1,1,1,0,0,0,0,57
Game842,102,2,1,1,1,1,1,3,0,0,0,0,5,93
Game843,78,2,1,0,2,0,2,2,1,0,0,0,3,99
Game844,150,5,0,1,0,0,1,1,1,0,0,0,1,85
Game845,77,2,0,0,1,0,2,3,0,0,0,0,2,79
Game846,119,1,1,0,1,0,2,0,0,0,0,1,1,78
Game847,134,4,0,1,0,1,1,0,1,0,0,0,0,75
Game848,109,5,0,0,4,1,0,1,0,1,0,0,2,101
Game849,122,3,0,0,1,0,1,0,0,2,0,1,0,70
Game850,112,4,0,1,1,1,0,1,1,0,0,0,2,80
Game851,104,0,0,1,2,0,2,2,1,1,0,1,0,123
Game852,76,3,0,0,1,0,1,1,2,1,0,0,1,99
Game853,109,0,0,0,3,0,2,2,2,0,0,0,1,125
Game854,101,1,1,0,1,0,1,3,0,1,0,0,4,116
Game855,83,1,1,0,1,0,1,2,0,1,0,1,2,103
Game856,107,4,0,2,1,2,1,0,0,0,0,0,1,94
Game857,113,2,0,0,2,0,2,1,2,0,0,0,0,75
Game858,86,1,0,1,2,0,1,0,0,2,0,0,0,78
Game859,86,2,0,0,1,0,1,1,0,2,0,0,0,87
Game860,113,1,0,1,3,0,1,2,3,0,0,0,1,130
Game861,97,3,1,1,2,0,0,0,0,0,0,1,2,80
Game862,107,2,0,0,2,0,1,0,0,0,1,3,0,74
Game863,78,0,0,0,2,0,0,2,0,2,0,0,1,73
Game864,78,0,0,2,2,0,2,4,2,0,0,0,1,148
Game865,101,5,0,2,1,2,0,0,2,0,0,0,0,98
Game866,76,1,0,0,2,0,1,2,0,1,0,1,6,155
Game867,103,0,0,1,1,0,2,2,0,1,0,1,0,112
Game868,98,2,1,2,1,1,0,0,2,1,0,0,1,109
Game869,102,2,0,2,3,0,0,1,0,0,0,0,2,71
Game870,85,3,0,1,1,0,1,0,1,1,0,0,0,83
Game871,107,2,0,3,1,0,0,1,0,0,0,0,0,104
Game872,84,2,0,1,0,0,0,0,2,0,0,0,0,73
Game873,62,2,0,0,1,0,4,1,2,0,0,0,0,88
Game874,86,3,0,1,1,0,0,0,0,0,0,0,0,70
Game875,95,0,1,0,1,0,2,1,4,1,0,0,1,113
Game876,92,0,0,1,0,0,0,3,0,2,0,0,0,110
Game877,78,3,0,0,1,1,0,1,0,2,0,3,1,116
Game878,107,5,0,1,2,1,1,0,0,2,0,0,3,127
Game879,83,0,0,0,2,0,1,2,0,0,0,1,0,127
Game880,90,1,0,1,1,0,2,1,2,1,0,0,1,78
Game881,73,1,2,0,2,0,0,3,0,0,0,0,5,110
Game882,105,2,0,1,1,1,1,0,3,1,1,0,0,100
Game883,78,0,0,1,3,0,1,3,0,1,0,0,2,134
Game884,99,4,0,0,1,1,2,2,2,1,0,0,2,105
Game885,101,1,0,1,2,0,0,0,0,1,0,1,0,68
Game886,83,2,0,0,0,0,2,2,1,0,0,0,0,80
Game887,75,3,0,1,2,0,1,1,1,0,0,0,0,82
Game888,95,2,0,1,3,0,0,2,1,0,0,0,1,65
Game889,92,1,0,2,1,1,0,0,0,0,0,0,0,90
Game890,117,0,0,0,2,0,2,1,1,1,0,0,3,99
Game891,77,0,1,0,0,0,1,3,0,1,0,0,2,108
Game892,124,0,1,1,1,0,0,1,0,1,0,1,0,79
Game893,98,1,1,1,1,0,1,2,1,0,0,0,0,104
Game894,79,0,0,1,3,0,2,4,1,0,0,0,1,88
Game895,92,1,0,0,0,0,1,2,1,0,0,0,0,89
Game896,99,1,0,0,1,0,3,2,1,1,0,1,0,107
Game897,128,2,2,1,0,0,1,1,1,0,0,0,0,100
Game898,89,3,0,1,2,0,1,1,0,1,0,0,2,83
Game899,80,2,0,0,1,1,1,1,0,3,0,0,1,144
Game900,93,2,0,0,0,0,2,2,2,1,0,0,0,81
Game901,82,3,1,1,3,0,1,3,2,0,0,0,3,160
Game902,84,2,1,0,0,1,0,2,1,0,0,0,0,133
Game903,100,1,0,0,0,0,4,5,1,2,0,0,1,131
Game904,74,2,1,1,0,0,0,0,0,4,0,1,2,95
Game905,103,1,0,0,1,1,1,1,2,1,0,1,0,64
Game906,96,3,0,1,1,0,1,1,0,0,0,0,0,94
Game907,87,3,0,0,0,1,2,2,2,0,1,0,1,118
Game908,111,1,1,1,4,0,1,4,0,0,0,0,6,119
Game909,71,3,0,1,0,1,0,0,0,1,0,0,1,62
Game910,98,4,0,2,2,0,0,1,1,0,0,0,3,103
Game911,65,3,0,1,0,0,2,2,1,2,1,0,0,142
Game912,108,2,0,0,2,0,2,1,1,1,0,0,4,107
Game913,85,2,1,0,2,0,1,3,0,0,0,0,2,106
Game914,79,2,0,0,0,0,2,2,0,2,0,0,2,122
Game915,135,3,0,1,1,2,2,2,2,1,0,0,2,181
Game916,93,0,1,0,0,0,2,4,2,1,0,0,4,144
Game917,71,0,0,0,2,0,1,2,2,0,0,3,0,108
Game918,105,0,1,0,0,0,2,3,1,0,0,1,1,90
Game919,74,1,0,1,3,1,1,0,0,2,0,0,4,122
Game920,86,3,1,1,1,2,0,1,2,0,1,0,4,127
Game921,91,3,1,1,1,0,2,1,0,2,0,0,1,122
Game922,71,4,0,2,0,0,1,1,1,2,0,0,1,134
Game923,87,3,1,2,0,1,1,2,1,1,1,1,2,122
Game924,77,1,0,0,0,0,3,2,2,5,0,0,1,110
Game925,63,2,0,4,2,0,0,0,0,0,0,0,0,109
Game926,100,3,0,0,2,1,1,1,1,1,1,0,2,106
Game927,106,1,1,0,2,0,1,2,2,1,0,0,2,122
Game928,91,2,0,0,2,0,0,0,0,0,1,2,1,82
Game929,73,2,0,0,2,0,1,2,1,0,0,0,3,98
Game930,76,5,1,2,1,1,2,1,2,0,0,0,3,102
Game931,76,4,0,1,0,0,2,1,3,0,0,0,2,118
Game932,80,3,0,0,1,0,0,0,1,2,1,1,2,76
Game933,120,4,0,0,2,1,0,0,2,0,0,0,3,110
Game934,90,2,3,0,0,1,0,2,0,2,0,0,5,157
Game935,66,1,0,0,1,0,0,0,1,3,1,2,5,91
Game936,82,2,0,0,1,0,3,2,1,0,0,0,1,124
Game937,75,4,0,0,0,0,2,0,1,1,0,0,0,97
Game938,79,1,0,0,0,0,3,2,0,1,0,0,1,102
Game939,70,0,1,0,2,0,2,1,1,1,0,0,1,86
Game940,81,1,0,0,1,0,0,1,0,2,0,0,1,84
Game941,88,4,0,0,3,0,0,0,2,1,0,0,2,83
Game942,103,5,0,0,3,1,1,0,2,0,0,0,2,109
Game943,110,3,0,0,1,1,2,1,1,0,0,1,2,134
Game944,101,2,0,0,1,0,0,0,0,1,0,1,1,63
Game945,76,5,0,1,1,1,1,1,0,1,0,0,2,110
Game946,92,1,1,0,2,0,1,2,2,1,0,0,3,151
Game947,92,2,0,0,1,0,2,2,2,1,0,0,1,120
Game948,101,0,0,0,1,0,0,2,1,0,0,1,1,95
Game949,94,1,0,0,1,0,2,2,3,1,1,1,0,110
Game950,95,3,2,0,1,1,1,1,1,0,0,0,4,112
Game951,98,3,0,1,0,1,1,0,1,2,1,1,5,95
Game952,90,0,2,0,1,0,2,3,2,1,0,1,3,153
Game953,86,3,1,1,1,0,1,2,1,0,0,0,3,142
Game954,107,0,1,1,2,0,1,2,1,0,0,0,2,73
Game955,119,1,0,0,1,0,1,2,0,0,0,1,1,80
Game956,93,1,1,0,2,0,0,2,1,2,1,0,3,109
Game957,85,0,1,0,0,0,0,2,1,1,1,0,1,53
Game958,93,1,1,1,0,1,0,4,0,0,0,0,5,109
Game959,98,1,1,2,2,0,0,1,2,0,0,0,0,79
Game960,115,2,2,0,1,0,0,4,0,0,0,0,5,105
Game961,91,1,0,1,0,0,2,3,0,0,0,0,0,91
Game962,93,2,1,0,2,0,2,2,1,0,0,1,2,148
Game963,82,3,0,0,1,2,0,0,0,2,0,0,0,95
Game964,94,5,1,1,3,1,1,2,0,0,0,0,4,116
Game965,91,1,1,1,1,0,0,2,1,1,0,0,5,121
Game966,92,1,3,1,1,0,2,4,1,0,0,1,3,202
Game967,117,3,1,0,2,0,1,1,0,0,0,0,1,122
Game968,92,0,0,1,1,0,0,0,1,1,0,0,1,90
Game969,88,1,0,1,0,1,0,2,2,0,0,0,0,116
Game970,92,1,3,0,0,0,1,2,0,1,0,0,2,107
Game971,95,0,1,0,1,0,1,2,0,0,1,0,2,120
Game972,101,1,0,0,1,0,1,0,0,1,0,0,0,67
Game973,88,1,1,2,3,0,1,1,0,0,0,0,2,92
Game974,105,0,2,0,2,1,1,2,3,0,0,0,1,135
Game975,90,5,0,2,0,1,0,0,0,1,0,0,2,106
Game976,87,1,2,1,1,1,1,2,1,1,1,0,2,157
Game977,90,2,0,1,1,0,1,2,0,0,0,0,0,96
Game978,95,1,1,0,1,0,2,3,3,0,1,2,2,164
Game979,105,0,3,0,1,0,2,3,1,0,0,0,3,142
Game980,65,1,0,0,0,0,0,1,2,4,0,0,2,92
Game981,94,1,0,0,3,0,2,2,1,1,0,0,0,94
Game982,87,2,0,1,1,0,2,1,1,0,1,1,1,126
Game983,81,3,0,0,1,0,1,0,0,2,0,0,1,87
Game984,89,1,0,2,1,0,1,1,1,1,0,1,1,97
Game985,75,3,0,1,1,1,0,1,0,0,0,0,6,110
Game986,91,1,2,0,0,0,0,1,1,1,0,1,2,106
Game987,120,3,0,1,0,0,1,0,0,2,1,2,3,106
Game988,86,1,0,0,1,0,2,0,1,1,0,2,0,73
Game989,100,3,0,1,2,0,1,1,0,2,0,0,5,153
Game990,90,0,0,1,2,0,3,2,3,0,0,0,2,99
Game991,122,6,0,1,3,1,1,1,0,0,0,0,2,110
Game992,92,1,0,0,1,0,3,2,1,1,0,0,2,165
Game993,105,2,0,1,2,0,1,1,1,1,0,0,1,119
Game994,116,2,0,0,1,0,1,1,1,1,0,2,2,99
Game995,88,3,0,0,4,1,1,1,0,1,0,0,3,101
Game996,90,0,0,0,0,0,2,2,1,2,1,0,0,93
Game997,97,1,1,1,0,0,2,2,2,1,0,0,4,106
Game998,93,4,0,1,2,0,0,0,0,0,0,0,3,87
Game999,124,2,2,1,1,0,1,5,0,1,0,0,5,157
Game1000,79,0,0,0,1,0,1,2,0,1,0,0,0,86
Game1001,108,1,2,2,2,0,0,1,1,0,0,1,2,93
Game1002,92,3,0,3,4,0,0,1,0,0,1,0,1,99
Game1003,86,0,2,0,0,0,4,4,2,0,0,0,5,150
Game1004,86,1,2,1,0,0,3,5,1,0,0,1,1,167
Game1005,108,2,0,1,2,0,2,2,2,0,0,0,1,135
Game1006,101,1,0,0,2,0,2,2,1,0,0,1,3,124
Game1007,79,2,0,4,1,0,2,1,1,0,0,1,0,120
Game1008,60,2,0,1,0,1,2,1,2,0,0,0,0,114
Game1009,91,2,0,2,2,0,2,3,2,2,0,0,1,148
Game1010,100,3,0,1,1,0,1,0,1,1,2,1,3,89
Game1011,87,5,0,1,1,0,1,1,1,0,0,0,1,141
Game1012,82,1,0,0,2,0,1,1,1,1,0,0,1,102
Game1013,87,4,0,4,3,0,0,0,0,0,0,0,1,90
Game1014,88,1,0,3,1,0,1,2,0,2,2,1,3,133
Game1015,92,0,4,1,0,0,1,5,1,0,0,0,6,169
Game1016,98,1,1,0,0,1,0,0,0,2,0,0,1,77
Game1017,111,3,0,1,2,0,1,0,0,2,0,0,3,99
Game1018,94,2,0,1,1,0,2,4,2,1,0,0,1,167
Game1019,68,1,0,0,0,1,1,0,0,2,0,0,1,86
Game1020,88,4,0,2,1,0,0,0,0,0,0,0,1,85
Game1021,98,4,0,1,0,0,1,2,0,0,0,0,2,112
Game1022,89,2,0,0,1,0,1,2,2,1,1,0,3,103
Game1023,76,2,2,1,1,0,1,2,1,0,0,0,3,140
Game1024,126,3,1,0,1,1,1,2,1,0,0,0,4,101
Game1025,92,2,4,0,1,1,0,3,0,0,0,0,1,144
Game1026,94,3,0,0,1,1,3,3,1,0,0,1,2,128
Game1027,111,0,0,0,0,0,2,1,2,0,0,1,0,65
Game1028,103,2,2,2,0,0,0,1,1,0,1,0,1,108
Game1029,93,0,2,0,2,0,1,1,0,1,0,0,3,97
Game1030,79,3,0,1,0,0,2,1,1,0,0,0,2,99
Game1031,66,4,0,0,2,0,2,0,0,1,0,0,2,89
Game1032,94,5,0,1,1,1,0,0,1,0,0,0,1,94
Game1033,85,0,0,1,1,0,2,2,2,1,0,0,0,86
Game1034,112,2,0,0,1,0,1,1,1,1,0,0,1,98
Game1035,83,0,0,0,0,0,2,2,1,1,0,1,2,90
Game1036,77,3,0,1,1,0,2,2,1,1,0,0,2,161
Game1037,76,2,0,1,1,0,1,1,0,0,0,0,2,101
Game1038,96,0,0,0,2,0,1,1,3,0,0,0,2,114
Game1039,85,5,0,0,0,2,1,1,0,0,0,0,0,115
Game1040,81,1,0,0,3,1,1,0,1,0,0,0,0,73
Game1041,100,2,0,1,2,0,0,1,0,2,0,0,1,76
Game1042,67,0,0,0,0,0,0,1,0,1,1,0,0,80
Game1043,83,0,0,0,0,0,1,1,0,3,0,0,0,116
Game1044,89,2,0,1,0,1,1,2,0,0,0,1,1,124
Game1045,109,2,2,0,2,2,1,2,1,1,0,0,5,156
Game1046,91,0,0,0,1,0,2,2,2,0,0,0,0,84
Game1047,79,4,0,0,1,1,1,1,0,1,0,0,1,99
Game1048,98,4,0,0,0,1,1,0,0,0,0,0,1,97
Game1049,112,1,0,0,1,0,3,2,1,1,0,0,0,119
Game1050,113,5,1,0,3,0,0,2,1,1,0,0,4,122
Game1051,97,0,2,1,0,0,1,2,0,0,0,0,1,106
Game1052,84,0,0,0,0,0,2,2,1,0,0,0,0,102
Game1053,87,1,0,0,0,0,1,0,1,0,1,0,0,44
Game1054,86,2,1,0,1,1,1,1,2,0,1,1,2,115
Game1055,73,0,0,0,2,0,1,2,0,0,0,1,1,122
Game1056,86,0,1,0,1,0,0,0,0,3,0,0,1,86
Game1057,77,1,0,0,0,0,1,1,1,2,1,0,1,112
Game1058,86,3,0,1,1,0,3,3,1,0,0,0,2,168
Game1059,113,4,3,0,2,1,1,5,0,0,0,0,5,199
Game1060,78,2,0,2,1,0,2,3,3,0,0,0,0,92
Game1061,112,1,0,0,0,0,1,2,2,0,0,0,0,110
Game1062,110,1,0,1,0,1,0,1,1,3,1,1,3,116
Game1063,90,2,1,0,2,1,1,2,2,0,0,0,1,135
Game1064,91,0,0,0,0,0,1,1,1,0,1,0,0,129
Game1065,79,2,0,0,3,0,1,0,0,0,0,2,0,66
Game1066,98,1,0,0,1,0,1,0,0,2,1,0,1,82
Game1067,111,3,0,0,0,1,0,0,0,1,0,0,0,67
Game1068,82,0,0,0,0,0,0,0,0,3,2,1,3,67
Game1069,97,3,0,1,0,0,1,0,2,0,0,1,0,79
Game1070,83,0,0,0,0,0,1,2,0,2,0,0,0,89
Game1071,71,0,0,0,0,0,0,0,0,2,1,0,1,65
Game1072,116,3,0,2,2,0,0,0,0,0,0,0,1,63
Game1073,90,0,0,0,0,0,3,3,0,0,0,0,0,142
Game1074,97,1,0,0,0,0,6,2,2,1,0,1,0,106
Game1075,81,1,0,0,2,0,0,0,1,1,0,0,1,63
Game1076,80,2,0,0,0,1,1,1,0,0,0,1,0,86
Game1077,100,2,0,0,3,1,0,0,0,2,1,0,2,85
Game1078,118,1,3,1,0,1,1,3,1,1,0,0,5,156
Game1079,115,1,1,0,2,0,1,5,1,1,0,0,4,89
Game1080,83,1,1,0,0,0,2,3,2,0,0,0,0,101
Game1081,101,3,0,0,1,0,0,1,0,0,0,0,1,88
Game1082,83,1,0,0,2,0,1,1,0,1,0,1,1,93
Game1083,91,0,0,0,0,0,2,2,2,2,1,1,3,107
Game1084,127,4,0,1,0,0,0,0,1,1,0,0,2,111
Game1085,94,2,1,0,1,2,0,1,1,0,0,0,2,128
Game1086,96,3,0,1,2,0,2,3,0,1,0,0,2,119
Game1087,97,3,0,1,0,1,0,0,1,1,0,0,0,63
Game1088,110,2,0,1,1,0,0,0,1,2,1,0,0,88
Game1089,102,2,0,0,2,0,1,1,1,0,0,1,1,89
Game1090,91,1,0,0,0,1,2,2,2,0,0,0,1,127
Game1091,92,2,1,1,0,0,1,3,1,0,0,1,5,152
Game1092,84,0,0,1,3,0,2,2,0,1,0,0,2,114
Game1093,81,1,1,0,0,0,0,0,0,2,0,1,1,71
Game1094,95,3,0,1,1,0,0,0,2,2,1,0,2,132
Game1095,87,2,0,1,2,0,2,1,2,0,0,0,5,85
Game1096,85,1,2,1,2,0,4,3,0,0,0,0,4,136
Game1097,84,0,0,0,0,0,1,1,3,1,0,1,0,63
Game1098,69,1,0,0,2,1,1,2,1,2,1,0,3,139
Game1099,78,1,0,0,0,0,3,1,0,1,0,0,0,93
Game1100,88,3,0,1,1,1,0,0,1,1,0,0,0,87
Game1101,82,3,1,0,2,1,2,2,1,0,0,0,2,110
Game1102,119,6,0,3,3,1,0,0,0,0,0,0,2,125
Game1103,86,6,0,1,2,1,1,2,2,1,0,1,2,111
Game1104,112,3,3,0,0,1,1,3,0,1,0,1,4,143
Game1105,108,1,0,0,0,0,1,0,1,2,0,0,1,75
Game1106,118,2,1,1,0,2,0,2,3,0,0,0,5,120
Game1107,89,1,1,1,0,1,3,6,0,0,0,0,5,165
Game1108,76,2,0,0,1,1,2,1,2,1,0,1,0,115
Game1109,93,5,1,1,0,2,1,0,1,0,0,0,2,98
Game1110,84,0,1,0,2,0,0,2,1,0,0,0,3,102
Game1111,93,0,2,0,0,0,1,3,2,0,0,0,2,169
Game1112,78,6,0,2,1,1,2,1,0,0,0,0,0,109
Game1113,98,1,0,0,0,1,0,0,0,2,0,0,0,60
Game1114,96,5,0,0,2,1,0,2,0,0,0,1,1,95
Game1115,119,2,0,1,2,0,3,3,1,0,0,0,2,92
Game1116,79,3,1,1,3,1,0,2,1,0,0,0,1,118
Game1117,75,2,0,0,2,0,0,0,0,2,0,1,0,79
Game1118,124,2,0,0,1,0,0,3,0,0,0,0,2,61
Game1119,102,2,1,0,0,0,1,2,3,0,0,0,1,176
Game1120,115,2,3,0,2,1,0,4,0,0,0,0,7,171
Game1121,85,3,0,0,3,0,1,0,0,0,0,0,2,88
Game1122,79,0,0,0,0,0,3,1,3,1,0,0,1,91
Game1123,91,2,0,0,1,0,1,1,1,2,1,1,3,114
Game1124,112,0,0,1,2,0,0,2,1,0,0,1,3,85
Game1125,89,3,0,1,0,0,1,1,0,0,0,0,0,73
Game1126,85,3,0,4,1,0,0,0,2,1,1,1,1,155
Game1127,71,2,0,0,1,0,1,1,0,1,0,0,0,59
Game1128,108,2,2,0,1,0,1,2,0,0,0,0,1,110
Game1129,84,0,0,0,0,0,1,2,0,1,0,0,0,71
Game1130,104,3,0,0,0,0,0,0,1,3,0,0,0,109
Game1131,108,3,0,0,1,1,0,0,1,1,0,1,1,93
Game1132,87,1,0,0,0,0,0,0,1,2,0,0,0,68
Game1133,108,3,0,0,3,0,2,1,0,0,0,0,2,73
Game1134,70,2,0,1,0,0,0,2,0,0,0,0,0,71
Game1135,95,0,2,0,3,0,2,2,0,0,0,0,3,104
Game1136,90,0,2,0,0,0,0,2,3,0,0,0,2,108
Game1137,96,2,0,0,2,0,2,1,0,0,0,1,1,98
Game1138,78,1,1,0,1,1,1,5,1,0,0,0,3,99
Game1139,80,3,0,1,0,0,1,0,2,1,0,0,0,88
Game1140,77,1,0,1,1,0,2,1,1,0,0,0,0,92
Game1141,75,2,0,1,1,0,1,1,1,2,0,1,0,87
Game1142,84,3,0,1,1,1,0,0,2,0,0,1,2,114
Game1143,159,2,0,1,4,0,1,3,0,0,0,0,3,98
Game1144,92,2,0,0,2,0,1,0,1,0,0,0,3,86
Game1145,78,4,1,1,0,0,0,0,0,0,0,0,1,79
Game1146,100,3,0,1,1,0,4,3,2,0,0,0,1,106
Game1147,117,4,1,1,0,0,2,1,2,0,0,0,2,90
Game1148,94,3,0,0,2,1,1,0,0,2,0,0,1,113
Game1149,87,1,2,1,0,0,1,3,0,0,0,0,1,97
Game1150,92,2,0,0,1,0,3,0,1,0,0,0,0,73
Game1151,100,3,0,2,0,0,1,1,1,1,0,0,0,104
Game1152,107,3,0,0,2,1,1,2,3,0,0,1,2,142
Game1153,90,1,0,0,3,1,1,2,0,1,1,2,5,124
Game1154,89,2,1,1,0,0,0,0,1,0,0,2,2,106
Game1155,110,3,0,1,0,1,0,0,1,0,0,0,0,69
Game1156,94,3,0,1,1,1,1,2,1,0,0,0,2,147
Game1157,99,2,0,2,0,0,0,0,0,0,0,0,0,66
Game1158,119,0,0,0,1,0,1,1,2,0,0,0,0,76
Game1159,108,1,0,1,1,1,1,1,0,4,1,0,0,103
Game1160,86,2,0,1,1,1,0,1,0,0,0,0,0,98
Game1161,97,5,0,3,0,1,2,1,0,0,0,0,1,143
Game1162,92,1,3,1,0,0,1,2,2,0,0,0,2,103
Game1163,113,1,0,0,2,0,1,2,3,0,0,1,1,149
Game1164,92,3,1,1,0,0,1,1,1,0,0,1,2,101
Game1165,106,2,1,0,1,0,0,1,1,1,0,0,1,82
Game1166,96,2,0,1,3,1,3,1,1,0,0,0,1,101
Game1167,106,2,1,0,3,0,0,1,0,0,0,0,6,130
Game1168,88,0,1,1,0,0,2,4,1,0,0,0,2,99
Game1169,90,6,0,1,3,1,0,1,1,0,0,0,5,136
Game1170,118,1,0,0,0,0,2,1,0,0,0,0,0,69
Game1171,84,3,0,1,1,0,1,1,0,0,0,0,4,88
Game1172,90,1,0,1,1,0,1,2,2,0,0,0,0,76
Game1173,114,5,0,0,3,0,1,1,2,0,0,0,2,93
Game1174,77,0,2,0,0,0,1,2,0,1,0,0,1,73
Game1175,86,1,0,1,0,0,2,2,1,2,0,0,0,138
Game1176,118,2,0,0,2,0,2,1,3,0,0,0,2,117
Game1177,107,4,0,1,1,1,1,2,0,0,0,0,2,107
Game1178,96,0,0,0,1,0,1,1,0,0,0,2,1,82
Game1179,86,4,0,1,1,2,2,1,0,0,0,0,0,113
Game1180,96,2,2,1,0,0,1,1,1,0,0,0,1,102
Game1181,89,1,0,0,0,1,2,2,1,0,1,0,2,134
Game1182,105,3,0,1,0,0,1,0,1,0,0,0,0,75
Game1183,89,1,0,0,0,0,1,2,2,2,1,2,5,138
Game1184,75,2,0,0,0,1,1,1,1,0,0,0,0,134
Game1185,94,0,1,1,4,0,2,1,0,0,0,0,2,95
Game1186,143,2,0,2,6,0,1,1,1,0,0,0,4,128
Game1187,84,0,0,0,1,0,2,1,3,1,0,0,2,143
Game1188,77,3,0,0,0,1,1,1,2,0,0,0,0,72
Game1189,93,0,2,0,0,2,2,5,2,0,0,0,5,120
Game1190,75,0,0,0,1,0,2,2,2,0,0,1,1,82
Game1191,90,1,0,0,0,0,2,1,3,0,0,0,0,94
Game1192,115,0,2,0,0,1,3,3,2,0,0,0,2,134
Game1193,101,1,0,0,1,0,2,1,1,0,0,0,1,124
Game1194,87,3,0,0,0,1,2,2,1,1,0,0,2,175
Game1195,84,1,0,1,2,0,2,0,1,0,0,0,0,62
Game1196,75,3,1,1,2,1,0,1,0,0,0,0,1,94
Game1197,86,3,0,0,1,2,1,0,2,0,1,0,1,100
Game1198,89,0,0,0,0,0,2,2,0,0,0,0,0,153
Game1199,105,2,0,0,2,1,0,0,2,0,0,0,0,111
Game1200,95,2,0,1,1,0,1,1,1,0,0,0,1,80
Game1201,91,0,2,1,0,0,1,1,1,0,0,0,0,85
Game1202,76,1,0,1,0,0,2,2,3,0,0,0,1,111
Game1203,82,2,2,0,1,1,3,3,0,0,0,0,4,148
Game1204,98,2,0,0,0,1,2,3,1,1,0,0,3,177
Game1205,109,2,1,0,1,0,0,3,1,1,1,2,5,139
Game1206,118,2,1,1,2,0,0,2,0,1,0,0,2,111
Game1207,76,3,1,0,0,0,2,2,1,1,0,1,3,136
Game1208,95,3,0,0,1,0,2,3,1,1,0,0,1,118
Game1209,65,2,0,1,1,0,0,0,2,1,0,1,1,109
Game1210,106,3,0,1,1,1,0,0,0,1,0,1,0,103
Game1211,136,4,1,1,2,0,0,0,0,0,0,0,4,93
Game1212,101,3,0,1,0,0,1,1,3,1,1,2,3,97
Game1213,90,2,0,1,2,0,2,2,3,0,0,0,3,171
Game1214,140,4,0,0,0,2,2,0,0,2,1,1,3,109
Game1215,88,5,0,1,1,0,0,0,0,0,0,1,1,85
Game1216,105,4,1,1,1,1,0,2,2,0,0,0,4,130
Game1217,82,4,0,0,1,0,1,2,0,1,0,0,3,125
Game1218,92,1,2,1,0,0,1,2,1,1,2,1,3,137
Game1219,106,1,1,0,3,0,3,3,1,1,0,2,3,134
Game1220,136,2,1,0,2,1,0,1,0,1,0,0,3,108
Game1221,91,1,1,1,3,0,1,1,1,0,1,0,0,135
Game1222,83,2,1,1,2,0,1,0,1,0,0,1,2,88
Game1223,122,3,2,1,3,0,1,2,2,0,0,0,4,137
Game1224,84,1,1,0,1,0,1,1,1,1,0,1,0,114
Game1225,106,3,1,1,2,0,1,2,1,0,0,1,2,105
Game1226,129,1,2,0,1,1,1,3,1,0,0,0,9,155
Game1227,100,1,1,1,1,0,0,2,0,0,1,2,2,135
Game1228,87,1,1,0,1,0,2,1,2,0,0,0,1,97
Game1229,93,2,0,0,1,2,1,2,1,0,0,1,5,167
Game1230,103,2,1,1,0,0,1,1,0,2,0,0,1,114
Game1231,99,4,0,1,4,0,1,1,0,0,1,0,3,136
Game1232,73,5,0,0,1,1,2,4,2,0,1,0,9,169
Game1233,101,2,3,1,1,1,1,3,1,0,0,0,3,136
Game1234,122,2,0,1,3,0,1,1,2,1,0,1,8,127
Game1235,82,2,0,1,2,0,2,2,1,0,0,1,3,107
Game1236,97,1,0,0,1,0,1,0,3,0,0,1,3,109
Game1237,101,3,0,1,1,0,0,0,1,0,1,0,1,96
Game1238,109,5,2,1,1,0,0,4,0,2,0,0,8,208
Game1239,95,5,0,0,2,1,1,1,1,2,0,0,4,113
Game1240,88,2,0,0,1,0,1,1,3,1,0,0,5,150
Game1241,83,1,0,0,3,0,2,2,2,0,0,0,3,104
Game1242,82,5,0,2,0,0,3,2,1,1,0,0,2,135
Game1243,95,0,0,1,1,0,1,1,0,1,1,0,1,79
Game1244,105,2,0,1,2,0,2,1,1,1,0,1,1,88
Game1245,112,0,1,0,3,1,2,3,0,0,1,0,0,130
Game1246,108,4,1,1,1,1,0,1,0,2,1,1,3,142
Game1247,99,2,0,0,1,0,3,2,0,0,0,0,0,115
Game1248,84,4,0,1,1,0,1,0,0,0,1,0,2,99
Game1249,100,3,0,0,2,1,1,2,0,3,0,0,4,127
Game1250,110,4,0,1,3,1,1,1,0,1,1,1,1,93
Game1251,72,2,0,0,2,0,2,1,0,2,0,2,3,132
Game1252,101,4,0,2,0,0,0,1,1,0,0,1,0,109
Game1253,82,0,0,0,4,0,4,2,1,0,0,0,1,87
Game1254,94,4,0,1,2,1,1,0,0,0,0,0,0,90
Game1255,89,5,0,0,1,1,1,1,0,1,0,0,0,132
Game1256,116,2,0,1,2,0,1,0,0,0,0,0,3,60
Game1257,88,1,0,0,2,0,0,0,1,1,0,0,4,100
Game1258,99,3,0,0,2,1,2,0,0,1,0,1,1,113
Game1259,75,1,3,0,0,0,0,3,0,0,0,0,5,119
Game1260,84,1,2,1,2,0,2,1,0,1,1,0,2,109
Game1261,94,2,0,0,3,0,0,0,0,2,0,0,2,76
Game1262,83,1,0,0,1,0,2,0,0,0,0,0,0,50
Game1263,80,3,0,1,1,0,2,2,1,0,0,0,0,146
Game1264,105,2,0,0,1,0,1,1,1,0,0,0,0,83
Game1265,93,4,0,4,1,0,0,0,0,1,0,1,2,103
Game1266,80,1,0,1,0,1,1,1,3,2,1,0,3,139
Game1267,78,2,0,1,2,0,2,1,0,0,0,1,3,117
Game1268,104,2,0,1,0,0,2,1,3,1,0,0,2,94
Game1269,87,0,3,0,0,0,1,3,2,1,0,1,6,187
Game1270,103,3,0,0,3,1,1,0,1,0,0,0,2,106
Game1271,94,0,2,1,2,1,1,2,2,3,0,0,5,169
Game1272,70,2,1,0,1,0,3,3,4,0,1,0,2,95
Game1273,105,1,1,0,0,0,1,1,2,2,1,0,4,151
Game1274,110,0,0,0,2,0,1,1,0,1,0,0,4,102
Game1275,70,1,0,0,3,0,1,1,1,1,1,2,1,160
Game1276,147,3,1,0,2,0,3,1,1,1,0,0,2,118
Game1277,94,2,2,2,4,0,1,1,0,1,0,0,2,140
Game1278,160,4,0,1,2,0,0,0,0,2,0,0,2,134
Game1279,104,3,1,0,2,2,1,1,2,0,0,0,6,174
Game1280,69,2,0,1,1,0,2,3,1,0,0,1,2,168
Game1281,93,1,0,0,1,0,2,2,2,0,0,1,1,73
Game1282,74,3,0,1,1,0,1,1,0,3,0,0,3,74
Game1283,86,0,1,0,1,0,3,1,2,0,0,0,2,117
Game1284,104,3,0,1,4,0,1,0,3,0,0,1,1,130
Game1285,91,2,2,0,3,0,0,2,0,1,0,0,2,158
Game1286,106,1,1,0,0,0,1,1,2,0,2,0,0,124
Game1287,86,2,0,0,2,1,4,2,1,1,0,1,1,121
Game1288,90,0,1,0,2,0,1,4,2,2,0,1,4,159
Game1289,74,4,0,1,1,1,3,1,1,1,1,1,3,94
Game1290,157,2,1,0,0,2,3,3,3,2,0,0,0,152
Game1291,88,3,2,0,0,1,0,1,1,1,0,1,2,153
Game1292,83,1,0,1,1,0,4,2,1,1,0,0,0,105
Game1293,101,2,0,1,1,0,1,1,2,2,3,0,1,157
Game1294,85,2,1,0,5,0,1,1,1,0,0,1,3,119
Game1295,104,1,0,0,1,0,2,3,2,1,0,0,2,165
Game1296,88,4,0,2,0,1,1,0,1,0,0,0,3,126
Game1297,95,1,1,0,2,0,2,0,0,2,1,2,4,111
Game1298,114,2,0,0,1,0,1,0,2,1,1,0,1,61
Game1299,101,0,0,1,1,0,4,5,1,0,0,0,0,98
Game1300,117,0,0,0,3,0,2,2,1,1,1,2,2,169
Game1301,75,2,0,0,3,1,1,1,2,1,0,0,0,95
Game1302,75,2,0,1,1,0,2,2,0,1,0,0,0,102
Game1303,92,2,0,1,1,0,1,0,0,0,1,0,0,63
Game1304,90,2,0,1,1,0,0,0,2,1,1,0,1,85
Game1305,102,1,0,0,0,0,0,0,1,4,0,0,2,104
Game1306,78,2,1,0,1,0,2,1,1,2,0,0,4,115
Game1307,115,0,2,0,1,0,2,4,0,0,0,0,3,99
Game1308,104,3,0,0,2,0,2,2,2,1,0,0,1,143
Game1309,108,2,1,1,1,1,2,4,0,0,0,1,1,161
Game1310,66,3,0,0,0,0,1,3,2,0,1,0,0,133
Game1311,77,2,0,1,2,0,1,2,1,0,0,0,1,102
Game1312,113,1,1,0,0,1,0,3,0,0,0,0,3,112
Game1313,82,4,0,0,1,1,0,0,0,0,0,0,3,85
Game1314,94,2,0,1,1,0,2,2,2,0,0,0,0,103
Game1315,92,1,1,1,0,0,3,3,3,0,1,0,1,126
Game1316,87,1,3,0,1,0,0,2,0,0,0,0,6,133
Game1317,80,0,1,0,0,2,2,3,0,0,0,0,3,91
Game1318,86,1,0,0,3,1,0,1,0,0,0,0,6,120
Game1319,73,1,0,0,4,0,1,1,0,1,1,0,3,135
Game1320,82,3,0,1,0,1,2,1,0,0,0,1,1,112
Game1321,74,2,0,0,0,0,1,0,0,1,0,0,0,71
Game1322,80,0,0,0,1,0,1,0,2,2,0,3,1,108
Game1323,101,0,1,1,1,0,2,4,1,0,0,0,2,158
Game1324,95,4,0,1,0,0,1,1,0,0,0,0,0,87
Game1325,98,1,1,0,0,0,1,1,4,0,0,0,1,98
Game1326,89,4,0,1,1,1,1,1,0,2,0,0,0,105
Game1327,68,2,2,1,0,0,0,1,2,1,0,1,5,132
Game1328,99,2,0,0,2,0,0,0,1,1,0,0,2,83
Game1329,80,3,1,2,2,0,2,1,0,0,0,0,1,120
Game1330,78,2,1,1,1,0,0,0,1,0,0,1,1,106
Game1331,105,1,1,0,2,0,1,2,1,1,0,0,5,123
Game1332,86,0,0,0,0,0,4,3,1,1,1,0,0,162
Game1333,91,3,0,1,1,0,0,0,2,0,0,1,1,113
Game1334,87,2,0,0,0,0,1,2,1,1,0,0,0,143
Game1335,96,1,0,1,2,0,1,1,2,0,0,1,0,125
Game1336,99,2,1,0,0,0,1,1,2,0,0,0,2,84
Game1337,90,3,0,0,0,0,1,2,1,0,0,1,0,116
Game1338,92,1,0,0,0,1,1,1,0,0,0,1,0,83
Game1339,104,2,0,0,2,1,1,0,0,0,0,1,0,61
Game1340,75,4,1,0,1,0,1,1,1,0,0,2,4,141
Game1341,79,1,0,1,1,0,4,1,1,0,0,0,0,74
Game1342,98,4,1,0,4,1,0,0,1,1,0,1,4,126
Game1343,89,0,1,0,1,0,3,3,1,1,0,1,0,150
Game1344,87,1,0,0,0,1,2,1,3,1,0,0,0,124
Game1345,65,1,0,0,1,0,4,3,2,0,0,1,0,112
Game1346,97,1,2,0,0,0,2,1,0,0,0,0,2,97
Game1347,110,6,0,0,2,2,0,0,1,0,0,0,2,99
Game1348,88,3,1,1,0,0,0,1,1,0,0,0,2,87
Game1349,81,1,1,0,1,1,0,2,0,0,0,0,3,129
Game1350,90,2,0,1,0,0,0,0,0,1,0,0,1,96
Game1351,96,2,0,1,2,1,0,4,1,0,0,0,4,114
Game1352,127,6,0,1,2,2,1,0,1,2,0,1,1,123
Game1353,89,3,0,1,1,0,0,0,1,1,0,0,1,88
Game1354,82,2,0,1,1,1,4,3,2,1,0,0,0,113
Game1355,127,2,2,0,1,0,1,4,1,1,0,1,2,178
Game1356,82,2,2,0,1,1,1,2,2,2,1,1,5,137
Game1357,78,1,0,1,0,0,0,1,1,2,0,0,0,51
Game1358,80,2,1,0,2,0,0,1,0,0,1,0,4,85
Game1359,93,2,0,0,1,1,2,1,2,0,1,0,0,121
Game1360,91,1,0,0,2,0,1,0,0,1,0,1,0,54
Game1361,93,0,1,1,2,0,2,5,1,1,0,1,2,127
Game1362,126,2,3,0,1,1,1,3,0,1,0,1,5,154
Game1363,75,1,0,1,3,0,0,2,2,0,0,0,2,127
Game1364,86,4,0,0,3,1,0,0,0,2,0,0,4,125
Game1365,93,0,1,1,1,0,1,3,1,2,0,0,0,123
Game1366,89,1,0,2,3,0,0,0,0,2,0,0,3,107
Game1367,84,5,0,1,0,1,0,0,1,1,0,1,1,112
Game1368,113,2,0,1,0,1,0,1,0,2,0,2,0,94
Game1369,93,2,0,1,1,1,0,1,1,1,0,0,0,117
Game1370,108,1,0,0,2,1,1,2,0,0,0,0,3,108
Game1371,97,4,1,2,0,1,0,1,1,0,1,1,1,133
Game1372,91,3,0,0,1,2,0,1,0,2,2,1,7,148
Game1373,87,2,0,1,0,0,2,1,0,0,0,1,1,95
Game1374,74,4,0,2,1,0,0,0,1,2,0,0,1,99
Game1375,86,3,0,1,1,0,2,3,2,0,1,0,2,113
Game1376,104,4,0,1,0,1,0,1,0,0,0,0,1,115
Game1377,85,3,0,1,2,0,1,1,1,0,0,0,3,113
Game1378,82,1,0,0,2,0,1,0,1,0,2,0,1,101
Game1379,108,1,1,1,2,0,1,2,0,1,1,1,4,156
Game1380,95,3,0,1,1,0,1,1,1,1,0,0,2,133
Game1381,108,0,0,0,0,0,1,3,0,0,0,0,0,108
Game1382,84,4,0,0,3,1,1,1,1,0,0,0,2,92
Game1383,83,2,0,0,0,0,1,0,1,2,0,0,0,91
Game1384,71,5,0,1,1,0,1,1,2,0,0,1,0,94
Game1385,110,4,0,2,2,0,1,1,0,0,0,0,3,119
Game1386,83,2,0,1,0,1,1,1,2,2,0,0,2,123
Game1387,120,2,1,0,3,0,2,4,3,2,0,0,3,173
Game1388,123,1,0,0,1,0,3,2,1,1,1,0,3,132
Game1389,103,1,2,0,0,1,1,3,0,0,0,0,6,136
Game1390,121,1,0,0,0,0,2,2,1,2,0,0,0,136
Game1391,110,4,0,2,2,0,1,1,0,0,0,1,1,102
Game1392,103,2,0,2,2,0,2,1,0,0,0,0,0,133
Game1393,87,0,1,0,0,0,1,2,3,0,0,0,2,138
Game1394,102,3,0,3,3,0,1,1,1,3,1,1,6,137
Game1395,87,3,0,1,2,0,1,0,2,0,0,0,3,106
Game1396,94,2,0,0,0,0,2,1,0,3,0,0,2,131
Game1397,93,2,1,0,0,1,2,3,0,0,0,0,2,112
Game1398,111,2,0,1,0,0,1,0,1,0,0,0,0,65
Game1399,94,1,0,0,0,0,0,0,1,2,1,0,1,129
Game1400,123,2,2,0,0,1,1,1,0,0,0,0,1,124
Game1401,119,4,0,1,3,0,0,2,0,0,0,1,5,105
Game1402,81,3,0,1,2,0,0,1,2,0,0,0,2,103
Game1403,84,2,1,1,1,0,0,1,0,1,0,0,2,99
Game1404,94,1,0,0,1,0,0,0,3,0,1,2,0,76
Game1405,73,1,0,0,0,0,1,1,0,3,1,0,0,143
Game1406,104,2,0,0,2,0,2,1,0,0,0,0,1,92
Game1407,113,2,1,0,0,0,1,2,0,0,0,0,2,86
Game1408,76,0,1,0,0,1,0,1,2,0,0,0,4,113
Game1409,86,1,0,0,0,0,0,0,3,1,1,0,2,89
Game1410,81,3,0,1,2,0,1,2,0,0,0,0,1,89
Game1411,61,3,0,0,1,0,0,0,1,1,1,0,1,100
Game1412,71,1,2,0,1,1,1,3,0,1,0,1,0,156
Game1413,97,1,0,0,0,0,1,1,2,4,2,1,4,129
Game1414,108,3,0,1,1,1,2,0,0,0,0,0,0,82
Game1415,66,2,0,0,0,2,1,1,0,2,1,0,1,124
Game1416,94,2,0,1,0,1,1,1,1,2,0,1,0,91
Game1417,85,1,3,0,0,0,0,2,0,0,0,0,2,117
Game1418,81,3,2,0,0,0,0,0,1,0,0,0,4,74
Game1419,77,1,0,2,1,1,0,0,1,1,0,0,2,88
Game1420,99,2,2,1,1,0,0,2,0,0,0,1,2,132
Game1421,90,4,1,3,0,0,0,1,0,0,0,0,2,106
Game1422,94,1,1,0,0,0,1,2,1,1,0,0,2,84
Game1423,82,1,2,1,2,0,1,4,0,1,0,0,1,132
Game1424,93,0,2,0,0,0,0,3,0,0,0,0,3,92
Game1425,83,2,0,0,0,0,0,0,0,0,0,0,0,60
Game1426,81,0,1,0,0,0,0,1,1,0,0,0,0,73
Game1427,79,0,0,1,2,0,0,0,0,3,0,0,1,96
Game1428,111,2,0,0,0,0,1,1,0,0,0,0,0,61
Game1429,106,1,1,0,2,0,2,0,0,0,0,0,1,78
Game1430,89,2,2,0,1,1,1,3,1,0,0,0,4,127
Game1431,90,0,2,1,2,0,0,3,1,1,0,0,2,124
Game1432,103,2,1,0,0,0,1,3,0,0,0,2,2,120
Game1433,108,1,2,0,0,0,1,2,0,1,0,0,4,98
Game1434,81,0,2,1,0,0,1,4,0,0,0,0,1,123
Game1435,89,3,0,2,2,0,2,1,0,0,0,0,1,86
Game1436,117,1,1,0,0,0,1,1,0,0,0,0,0,64
Game1437,87,0,0,1,4,0,1,1,0,1,0,1,3,118
Game1438,106,1,1,0,2,1,0,1,1,0,0,0,4,107
Game1439,86,0,0,0,0,0,2,1,3,1,0,0,0,117
Game1440,90,1,0,0,0,0,3,0,2,0,1,0,0,51
Game1441,93,0,0,0,2,0,0,0,0,0,1,0,3,65
Game1442,83,1,0,1,0,1,0,2,2,0,0,0,4,103
Game1443,93,0,1,0,2,0,1,2,0,0,0,0,2,120
Game1444,89,0,1,1,2,1,1,2,0,1,0,0,0,118
Game1445,79,1,0,0,0,0,1,0,1,1,0,0,0,45
Game1446,92,0,1,0,1,0,0,1,2,0,0,0,0,120
Game1447,80,4,1,0,1,1,0,0,0,0,0,1,1,96
Game1448,97,2,0,0,4,0,0,0,0,0,0,0,4,72
Game1449,87,3,0,0,1,0,0,0,0,1,0,0,2,67
Game1450,84,3,0,3,4,0,0,0,0,0,0,0,0,97
Game1451,96,3,1,0,1,1,0,1,0,3,0,0,2,133
Game1452,101,2,1,0,0,1,1,2,2,0,0,0,1,115
Game1453,94,5,0,0,3,2,0,0,0,1,1,1,1,128
Game1454,83,3,0,1,0,0,0,2,0,2,2,0,2,147
Game1455,142,4,0,0,0,0,1,0,2,0,1,1,0,81
Game1456,108,0,0,0,0,0,4,1,3,0,0,0,0,107
Game1457,93,1,0,0,0,0,2,0,0,1,2,0,0,94
Game1458,87,0,0,0,1,0,4,2,1,1,0,0,0,78
Game1459,82,1,0,1,0,0,0,0,1,0,1,0,0,77
Game1460,89,1,1,1,0,0,2,1,0,2,1,0,3,116
Game1461,87,2,2,1,1,0,0,3,0,0,1,0,2,95
Game1462,104,2,0,0,1,1,3,3,1,1,0,1,2,157
Game1463,86,0,0,0,4,0,1,1,1,0,1,0,4,87
Game1464,90,0,0,1,0,0,0,2,0,0,1,1,0,114
Game1465,120,1,0,0,2,0,1,1,2,0,0,0,2,95
Game1466,118,1,2,1,3,0,0,1,0,0,0,0,1,104
Game1467,118,1,0,0,4,0,3,4,2,0,0,0,4,173
Game1468,91,1,0,0,1,0,0,1,0,3,2,0,1,77
Game1469,81,1,2,1,2,0,1,2,0,2,0,0,5,117
Game1470,75,4,0,1,0,0,3,2,0,1,0,0,0,114
Game1471,90,1,0,0,1,0,2,1,0,3,0,1,0,96
Game1472,93,4,0,0,0,1,0,0,1,0,0,0,1,91
Game1473,96,7,0,1,1,0,0,0,0,1,0,0,5,111
Game1474,112,0,1,0,0,0,0,1,0,2,0,0,2,99
Game1475,80,3,1,0,1,0,1,1,0,2,0,0,1,123
Game1476,119,2,0,0,2,0,2,1,2,0,2,1,2,138
Game1477,100,2,0,0,0,0,0,0,2,1,1,0,1,85
Game1478,159,3,2,0,0,1,2,5,0,1,0,0,2,153
Game1479,99,3,0,1,1,0,2,1,1,2,0,0,1,147
Game1480,117,6,0,1,0,2,1,1,1,0,0,0,3,123
Game1481,103,1,0,0,3,0,3,2,2,0,1,1,1,153
Game1482,84,3,1,0,1,0,0,1,1,0,0,0,2,117
Game1483,104,1,0,0,0,0,3,1,2,2,0,0,1,94
Game1484,116,4,0,0,1,0,1,1,1,2,0,0,5,128
Game1485,127,1,0,0,1,0,2,3,1,0,0,1,1,86
Game1486,102,2,0,0,1,0,1,0,0,1,1,0,0,87
Game1487,104,1,0,0,0,0,1,2,1,3,1,1,2,116
Game1488,111,1,0,0,1,0,1,0,0,1,0,1,0,74
Game1489,122,3,0,0,2,1,1,0,1,2,0,0,2,86
Game1490,86,2,1,2,0,0,0,1,1,1,1,0,2,126
Game1491,105,3,0,0,1,1,1,1,2,0,0,0,1,115
Game1492,83,1,0,1,0,0,2,5,1,0,0,1,1,108
Game1493,107,3,0,0,1,1,0,0,0,2,1,1,0,104
Game1494,99,1,2,0,2,0,3,2,0,0,0,0,4,130
Game1495,95,1,0,0,2,0,0,1,0,4,1,1,5,100
Game1496,96,5,0,1,1,0,0,0,0,0,0,0,2,88
Game1497,87,4,0,1,1,2,1,1,0,1,0,0,1,130
Game1498,89,1,0,0,1,1,1,1,2,0,0,0,2,123
Game1499,113,1,0,0,4,0,0,0,2,1,0,1,4,91
Game1500,104,1,0,0,0,0,1,1,1,2,1,0,1,104
Game1501,99,1,0,0,0,0,3,2,2,0,0,0,0,90
Game1502,120,1,0,1,3,0,2,0,0,0,0,1,0,67
Game1503,128,4,0,3,0,0,0,0,1,1,0,0,2,80
Game1504,95,4,0,1,1,0,2,0,2,1,0,1,0,121
Game1505,109,1,0,1,1,0,1,0,1,3,0,1,2,106
Game1506,81,2,0,1,0,1,1,1,1,1,1,1,3,125
Game1507,96,4,0,3,3,0,2,1,1,2,3,1,5,140
Game1508,116,6,0,0,1,0,0,0,1,0,0,1,1,96
Game1509,80,2,1,0,0,0,0,1,0,4,0,0,2,107
Game1510,93,2,0,0,0,0,3,1,0,1,0,1,0,88
Game1511,84,6,0,0,2,1,1,1,0,0,0,0,2,138
Game1512,147,1,1,0,1,0,2,2,1,0,0,0,2,140
Game1513,91,3,0,2,3,0,2,1,3,0,0,0,1,141
Game1514,108,2,0,0,2,0,2,1,1,1,0,0,0,94
Game1515,85,2,0,0,0,1,0,0,0,1,0,0,1,81
Game1516,105,3,2,1,2,0,0,2,0,0,0,1,2,152
Game1517,89,2,0,2,3,0,3,2,1,0,0,0,1,99
Game1518,99,3,0,0,1,0,2,2,2,1,1,0,1,139
Game1519,91,0,0,0,1,0,3,2,1,1,0,0,1,116
Game1520,83,3,0,0,0,0,2,2,1,2,1,1,7,144
Game1521,82,2,0,1,0,0,3,1,1,0,0,0,1,76
Game1522,108,0,0,1,3,0,2,1,0,3,1,1,2,139
Game1523,91,2,0,1,4,0,1,1,1,0,0,0,4,125
Game1524,110,3,1,0,0,0,1,0,1,0,0,0,3,74
Game1525,96,3,0,1,0,0,3,2,2,0,0,0,0,126
Game1526,90,1,0,0,3,0,2,0,2,1,0,0,1,111
Game1527,92,1,1,0,1,0,2,1,3,1,0,0,5,115
Game1528,91,1,0,0,2,0,2,2,2,1,0,1,5,197
Game1529,118,1,0,0,0,0,2,3,3,0,1,1,2,114
Game1530,83,1,0,0,1,0,1,1,1,1,1,0,1,81
Game1531,106,1,1,2,0,0,2,3,1,0,0,0,1,127
Game1532,112,2,0,0,1,0,1,1,1,0,1,1,0,91
Game1533,88,2,0,1,6,0,2,0,0,0,0,0,3,99
Game1534,83,1,1,0,1,0,1,1,2,2,1,0,1,132
Game1535,101,2,0,1,1,0,2,3,1,0,0,0,2,110
Game1536,130,1,0,0,1,1,1,4,1,0,0,0,5,87
Game1537,108,3,0,0,0,0,0,0,3,0,0,0,3,99
Game1538,105,1,1,0,2,0,1,3,0,0,0,1,1,95
Game1539,101,2,0,0,0,0,2,3,3,0,0,0,2,87
Game1540,70,3,0,1,3,0,1,2,2,0,0,0,3,118
Game1541,91,3,0,0,1,1,2,3,2,1,0,0,1,118
Game1542,84,2,0,0,1,1,1,1,0,0,0,0,4,124
Game1543,77,1,0,0,1,0,5,1,3,0,1,1,0,111
Game1544,75,5,0,2,2,0,0,0,2,0,0,2,0,121
Game1545,101,1,0,0,3,0,0,1,1,1,0,0,4,86
Game1546,108,4,0,0,0,1,2,0,0,2,0,1,1,105
Game1547,87,2,1,0,0,1,0,1,1,2,1,0,1,89
Game1548,85,0,0,0,2,0,0,2,1,0,1,1,0,66
Game1549,92,1,0,0,1,1,2,1,1,0,0,0,3,116
Game1550,79,3,0,0,1,1,1,0,0,1,0,1,0,89
Game1551,69,1,0,0,1,0,2,2,0,0,0,0,2,139
Game1552,115,2,0,0,1,0,2,1,2,1,0,1,1,75
Game1553,113,1,0,1,2,0,0,0,0,1,1,1,0,76
Game1554,78,0,0,0,1,0,1,2,0,0,0,2,0,88
Game1555,103,1,0,0,1,0,0,0,0,3,0,0,0,81
Game1556,137,2,0,0,3,1,0,1,1,2,1,2,0,134
